context,id,ko,en,category,dataset_id,row_id,parent_id,parent_field,source_order,template_id
,fresh,상큼한,Fresh,taste,cocktails,migration_cocktails_0_tags_0,migration_cocktails_0,tags,0,migration_cocktailtags_c11858b4f9
,crisp,청량한,Crisp,feel,cocktails,migration_cocktails_0_tags_1,migration_cocktails_0,tags,1,migration_cocktailtags_c11858b4f9
,classic,클래식,Classic,feel,cocktails,migration_cocktails_0_tags_2,migration_cocktails_0,tags,2,migration_cocktailtags_c11858b4f9
,fresh,상큼한,Fresh,taste,cocktails,migration_cocktails_1_tags_0,migration_cocktails_1,tags,0,migration_cocktailtags_c11858b4f9
,classic,클래식,Classic,feel,cocktails,migration_cocktails_1_tags_1,migration_cocktails_1,tags,1,migration_cocktailtags_c11858b4f9
,crisp,청량한,Crisp,feel,cocktails,migration_cocktails_1_tags_2,migration_cocktails_1,tags,2,migration_cocktailtags_c11858b4f9
,crisp,청량한,Crisp,feel,cocktails,migration_cocktails_2_tags_0,migration_cocktails_2,tags,0,migration_cocktailtags_c11858b4f9
,light,가벼운,Light,feel,cocktails,migration_cocktails_2_tags_1,migration_cocktails_2,tags,1,migration_cocktailtags_c11858b4f9
,heavy,묵직한,Heavy,feel,cocktails,migration_cocktails_3_tags_0,migration_cocktails_3,tags,0,migration_cocktailtags_c11858b4f9
,classic,클래식,Classic,feel,cocktails,migration_cocktails_3_tags_1,migration_cocktails_3,tags,1,migration_cocktailtags_c11858b4f9
,bright,화사한,Bright,feel,cocktails,migration_cocktails_4_tags_0,migration_cocktails_4,tags,0,migration_cocktailtags_c11858b4f9
,sweet,달콤한,Sweet,taste,cocktails,migration_cocktails_4_tags_1,migration_cocktails_4,tags,1,migration_cocktailtags_c11858b4f9
,sweet,달콤한,Sweet,taste,cocktails,migration_cocktails_5_tags_0,migration_cocktails_5,tags,0,migration_cocktailtags_c11858b4f9
,smooth,부드러운,Smooth,feel,cocktails,migration_cocktails_5_tags_1,migration_cocktails_5,tags,1,migration_cocktailtags_c11858b4f9
,crisp,청량한,Crisp,feel,cocktails,migration_cocktails_6_tags_0,migration_cocktails_6,tags,0,migration_cocktailtags_c11858b4f9
,spicy,알싸한,Spicy,taste,cocktails,migration_cocktails_6_tags_1,migration_cocktails_6,tags,1,migration_cocktailtags_c11858b4f9
,sweet,달콤한,Sweet,taste,cocktails,migration_cocktails_7_tags_0,migration_cocktails_7,tags,0,migration_cocktailtags_c11858b4f9
,bright,화사한,Bright,feel,cocktails,migration_cocktails_7_tags_1,migration_cocktails_7,tags,1,migration_cocktailtags_c11858b4f9
,strong,독한,Strong,feel,cocktails,migration_cocktails_8_tags_0,migration_cocktails_8,tags,0,migration_cocktailtags_c11858b4f9
,sweet,달콤한,Sweet,taste,cocktails,migration_cocktails_8_tags_1,migration_cocktails_8,tags,1,migration_cocktailtags_c11858b4f9
,tangy,새콤한,Tangy,taste,cocktails,migration_cocktails_9_tags_0,migration_cocktails_9,tags,0,migration_cocktailtags_c11858b4f9
,heavy,묵직한,Heavy,feel,cocktails,migration_cocktails_9_tags_1,migration_cocktails_9,tags,1,migration_cocktailtags_c11858b4f9
,bitter,씁쓸한,Bitter,taste,cocktails,migration_cocktails_10_tags_0,migration_cocktails_10,tags,0,migration_cocktailtags_c11858b4f9
,classic,클래식,Classic,feel,cocktails,migration_cocktails_10_tags_1,migration_cocktails_10,tags,1,migration_cocktailtags_c11858b4f9
,strong,독한,Strong,feel,cocktails,migration_cocktails_10_tags_2,migration_cocktails_10,tags,2,migration_cocktailtags_c11858b4f9
,tangy,새콤한,Tangy,taste,cocktails,migration_cocktails_11_tags_0,migration_cocktails_11,tags,0,migration_cocktailtags_c11858b4f9
,classic,클래식,Classic,feel,cocktails,migration_cocktails_11_tags_1,migration_cocktails_11,tags,1,migration_cocktailtags_c11858b4f9
,fresh,상큼한,Fresh,taste,cocktails,migration_cocktails_12_tags_0,migration_cocktails_12,tags,0,migration_cocktailtags_c11858b4f9
,smooth,부드러운,Smooth,feel,cocktails,migration_cocktails_12_tags_1,migration_cocktails_12,tags,1,migration_cocktailtags_c11858b4f9
,tangy,새콤한,Tangy,taste,cocktails,migration_cocktails_13_tags_0,migration_cocktails_13,tags,0,migration_cocktailtags_c11858b4f9
,strong,독한,Strong,feel,cocktails,migration_cocktails_13_tags_1,migration_cocktails_13,tags,1,migration_cocktailtags_c11858b4f9
,fresh,상큼한,Fresh,taste,cocktails,migration_cocktails_14_tags_0,migration_cocktails_14,tags,0,migration_cocktailtags_c11858b4f9
,elegant,우아한,Elegant,feel,cocktails,migration_cocktails_14_tags_1,migration_cocktails_14,tags,1,migration_cocktailtags_c11858b4f9
,sweet,달콤한,Sweet,taste,cocktails,migration_cocktails_15_tags_0,migration_cocktails_15,tags,0,migration_cocktailtags_c11858b4f9
,smooth,부드러운,Smooth,feel,cocktails,migration_cocktails_15_tags_1,migration_cocktails_15,tags,1,migration_cocktailtags_c11858b4f9
,heavy,묵직한,Heavy,feel,cocktails,migration_cocktails_16_tags_0,migration_cocktails_16,tags,0,migration_cocktailtags_c11858b4f9
,classic,클래식,Classic,feel,cocktails,migration_cocktails_16_tags_1,migration_cocktails_16,tags,1,migration_cocktailtags_c11858b4f9
,sweet,달콤한,Sweet,taste,cocktails,migration_cocktails_16_tags_2,migration_cocktails_16,tags,2,migration_cocktailtags_c11858b4f9
,smooth,부드러운,Smooth,feel,cocktails,migration_cocktails_17_tags_0,migration_cocktails_17,tags,0,migration_cocktailtags_c11858b4f9
,sweet,달콤한,Sweet,taste,cocktails,migration_cocktails_17_tags_1,migration_cocktails_17,tags,1,migration_cocktailtags_c11858b4f9
,classic,클래식,Classic,feel,cocktails,migration_cocktails_17_tags_2,migration_cocktails_17,tags,2,migration_cocktailtags_c11858b4f9
,heavy,묵직한,Heavy,feel,cocktails,migration_cocktails_18_tags_0,migration_cocktails_18,tags,0,migration_cocktailtags_c11858b4f9
,sweet,달콤한,Sweet,taste,cocktails,migration_cocktails_18_tags_1,migration_cocktails_18,tags,1,migration_cocktailtags_c11858b4f9
,classic,클래식,Classic,feel,cocktails,migration_cocktails_18_tags_2,migration_cocktails_18,tags,2,migration_cocktailtags_c11858b4f9
,tangy,새콤한,Tangy,taste,cocktails,migration_cocktails_19_tags_0,migration_cocktails_19,tags,0,migration_cocktailtags_c11858b4f9
,heavy,묵직한,Heavy,feel,cocktails,migration_cocktails_19_tags_1,migration_cocktails_19,tags,1,migration_cocktailtags_c11858b4f9
,sweet,달콤한,Sweet,taste,cocktails,migration_cocktails_20_tags_0,migration_cocktails_20,tags,0,migration_cocktailtags_c11858b4f9
,smooth,부드러운,Smooth,feel,cocktails,migration_cocktails_20_tags_1,migration_cocktails_20,tags,1,migration_cocktailtags_c11858b4f9
,bright,화사한,Bright,feel,cocktails,migration_cocktails_20_tags_2,migration_cocktails_20,tags,2,migration_cocktailtags_c11858b4f9
,sweet,달콤한,Sweet,taste,cocktails,migration_cocktails_21_tags_0,migration_cocktails_21,tags,0,migration_cocktailtags_c11858b4f9
,heavy,묵직한,Heavy,feel,cocktails,migration_cocktails_21_tags_1,migration_cocktails_21,tags,1,migration_cocktailtags_c11858b4f9
,coffee,커피,Coffee,taste,cocktails,migration_cocktails_21_tags_2,migration_cocktails_21,tags,2,migration_cocktailtags_c11858b4f9
,sweet,달콤한,Sweet,taste,cocktails,migration_cocktails_22_tags_0,migration_cocktails_22,tags,0,migration_cocktailtags_c11858b4f9
,smooth,부드러운,Smooth,feel,cocktails,migration_cocktails_22_tags_1,migration_cocktails_22,tags,1,migration_cocktailtags_c11858b4f9
,mint,민트,Mint,taste,cocktails,migration_cocktails_22_tags_2,migration_cocktails_22,tags,2,migration_cocktailtags_c11858b4f9
,sweet,달콤한,Sweet,taste,cocktails,migration_cocktails_23_tags_0,migration_cocktails_23,tags,0,migration_cocktailtags_c11858b4f9
,smooth,부드러운,Smooth,feel,cocktails,migration_cocktails_23_tags_1,migration_cocktails_23,tags,1,migration_cocktailtags_c11858b4f9
,coffee,커피,Coffee,taste,cocktails,migration_cocktails_23_tags_2,migration_cocktails_23,tags,2,migration_cocktailtags_c11858b4f9
,bitter,씁쓸한,Bitter,taste,cocktails,migration_cocktails_24_tags_0,migration_cocktails_24,tags,0,migration_cocktailtags_c11858b4f9
,heavy,묵직한,Heavy,feel,cocktails,migration_cocktails_24_tags_1,migration_cocktails_24,tags,1,migration_cocktailtags_c11858b4f9
,classic,클래식,Classic,feel,cocktails,migration_cocktails_24_tags_2,migration_cocktails_24,tags,2,migration_cocktailtags_c11858b4f9
,sweet,달콤한,Sweet,taste,cocktails,migration_cocktails_25_tags_0,migration_cocktails_25,tags,0,migration_cocktailtags_c11858b4f9
,tropical_fruit,열대과일,Tropical Fruit,taste,cocktails,migration_cocktails_25_tags_1,migration_cocktails_25,tags,1,migration_cocktailtags_c11858b4f9
,bright,화사한,Bright,feel,cocktails,migration_cocktails_25_tags_2,migration_cocktails_25,tags,2,migration_cocktailtags_c11858b4f9
,sweet,달콤한,Sweet,taste,cocktails,migration_cocktails_26_tags_0,migration_cocktails_26,tags,0,migration_cocktailtags_c11858b4f9
,tropical_fruit,열대과일,Tropical Fruit,taste,cocktails,migration_cocktails_26_tags_1,migration_cocktails_26,tags,1,migration_cocktailtags_c11858b4f9
,bright,화사한,Bright,feel,cocktails,migration_cocktails_26_tags_2,migration_cocktails_26,tags,2,migration_cocktailtags_c11858b4f9
,sweet,달콤한,Sweet,taste,cocktails,migration_cocktails_27_tags_0,migration_cocktails_27,tags,0,migration_cocktailtags_c11858b4f9
,tropical_fruit,열대과일,Tropical Fruit,taste,cocktails,migration_cocktails_27_tags_1,migration_cocktails_27,tags,1,migration_cocktailtags_c11858b4f9
,fresh,상큼한,Fresh,taste,cocktails,migration_cocktails_27_tags_2,migration_cocktails_27,tags,2,migration_cocktailtags_c11858b4f9
,sweet,달콤한,Sweet,taste,cocktails,migration_cocktails_28_tags_0,migration_cocktails_28,tags,0,migration_cocktailtags_c11858b4f9
,tropical_fruit,열대과일,Tropical Fruit,taste,cocktails,migration_cocktails_28_tags_1,migration_cocktails_28,tags,1,migration_cocktailtags_c11858b4f9
,bright,화사한,Bright,feel,cocktails,migration_cocktails_28_tags_2,migration_cocktails_28,tags,2,migration_cocktailtags_c11858b4f9
,heavy,묵직한,Heavy,feel,cocktails,migration_cocktails_29_tags_0,migration_cocktails_29,tags,0,migration_cocktailtags_c11858b4f9
,classic,클래식,Classic,feel,cocktails,migration_cocktails_29_tags_1,migration_cocktails_29,tags,1,migration_cocktailtags_c11858b4f9
,sweet,달콤한,Sweet,taste,cocktails,migration_cocktails_29_tags_2,migration_cocktails_29,tags,2,migration_cocktailtags_c11858b4f9
