context,action,ingredient,qty,unit,is_core,scored,auto_apply,dataset_id,row_id,parent_id,parent_field,source_order,template_id
,pour,gin,1.5,oz,true,true,false,cocktails,migration_cocktails_0_recipe_0,migration_cocktails_0,recipe,0,migration_recipes_5cb37eee94
,fill_up,soda_water,4,oz,false,true,false,cocktails,migration_cocktails_0_recipe_1,migration_cocktails_0,recipe,1,migration_recipes_de3214350d
,pour,gin,1.5,oz,true,true,false,cocktails,migration_cocktails_1_recipe_0,migration_cocktails_1,recipe,0,migration_recipes_5cb37eee94
,fill_up,soda_water,3,oz,false,true,false,cocktails,migration_cocktails_1_recipe_1,migration_cocktails_1,recipe,1,migration_recipes_de3214350d
,pour,beer,12,oz,true,true,false,cocktails,migration_cocktails_2_recipe_0,migration_cocktails_2,recipe,0,migration_recipes_de3214350d
,pour,red_wine,8,oz,true,true,false,cocktails,migration_cocktails_3_recipe_0,migration_cocktails_3,recipe,0,migration_recipes_de3214350d
,pour,champagne,8,oz,true,true,false,cocktails,migration_cocktails_4_recipe_0,migration_cocktails_4,recipe,0,migration_recipes_de3214350d
,pour,vodka,1.5,oz,true,true,false,cocktails,migration_cocktails_5_recipe_0,migration_cocktails_5,recipe,0,migration_recipes_5cb37eee94
,pour,orange_juice,6,oz,false,true,false,cocktails,migration_cocktails_5_recipe_1,migration_cocktails_5,recipe,1,migration_recipes_de3214350d
,pour,vodka,1.5,oz,true,true,false,cocktails,migration_cocktails_6_recipe_0,migration_cocktails_6,recipe,0,migration_recipes_5cb37eee94
,fill_up,ginger_ale,4,oz,false,true,false,cocktails,migration_cocktails_6_recipe_1,migration_cocktails_6,recipe,1,migration_recipes_de3214350d
,pour,tequila,1,oz,true,true,false,cocktails,migration_cocktails_7_recipe_0,migration_cocktails_7,recipe,0,migration_recipes_de3214350d
,pour,orange_juice,6,oz,false,true,false,cocktails,migration_cocktails_7_recipe_1,migration_cocktails_7,recipe,1,migration_recipes_de3214350d
,pour,gin,1,oz,true,true,false,cocktails,migration_cocktails_8_recipe_0,migration_cocktails_8,recipe,0,migration_recipes_de3214350d
,pour,vodka,1,oz,true,true,false,cocktails,migration_cocktails_8_recipe_1,migration_cocktails_8,recipe,1,migration_recipes_de3214350d
,pour,rum,1,oz,true,true,false,cocktails,migration_cocktails_8_recipe_2,migration_cocktails_8,recipe,2,migration_recipes_de3214350d
,pour,tequila,1,oz,true,true,false,cocktails,migration_cocktails_8_recipe_3,migration_cocktails_8,recipe,3,migration_recipes_de3214350d
,fill_up,cola,1.5,oz,false,true,false,cocktails,migration_cocktails_8_recipe_4,migration_cocktails_8,recipe,4,migration_recipes_5cb37eee94
,pour,whiskey,1.5,oz,true,true,false,cocktails,migration_cocktails_9_recipe_0,migration_cocktails_9,recipe,0,migration_recipes_5cb37eee94
,fill_up,sour_mix,2,oz,false,true,false,cocktails,migration_cocktails_9_recipe_1,migration_cocktails_9,recipe,1,migration_recipes_de3214350d
,pour,gin,6,oz,true,true,false,cocktails,migration_cocktails_10_recipe_0,migration_cocktails_10,recipe,0,migration_recipes_de3214350d
,pour,dry_vermouth,1.5,oz,false,true,false,cocktails,migration_cocktails_10_recipe_1,migration_cocktails_10,recipe,1,migration_recipes_5cb37eee94
,pour,rum,4.5,oz,true,true,false,cocktails,migration_cocktails_11_recipe_0,migration_cocktails_11,recipe,0,migration_recipes_5cb37eee94
,pour,grenadine,0.75,oz,false,true,false,cocktails,migration_cocktails_11_recipe_1,migration_cocktails_11,recipe,1,migration_recipes_5cb37eee94
,pour,vodka,4,oz,true,true,false,cocktails,migration_cocktails_12_recipe_0,migration_cocktails_12,recipe,0,migration_recipes_de3214350d
,pour,cointreau,1.5,oz,false,true,false,cocktails,migration_cocktails_12_recipe_1,migration_cocktails_12,recipe,1,migration_recipes_5cb37eee94
,pour,cranberry_juice,3,oz,false,true,false,cocktails,migration_cocktails_12_recipe_2,migration_cocktails_12,recipe,2,migration_recipes_de3214350d
,pour,tequila,3.5,oz,true,true,false,cocktails,migration_cocktails_13_recipe_0,migration_cocktails_13,recipe,0,migration_recipes_5cb37eee94
,pour,triple_sec,2,oz,false,true,false,cocktails,migration_cocktails_13_recipe_1,migration_cocktails_13,recipe,1,migration_recipes_de3214350d
,pour,gin,40,ml,true,true,false,cocktails,migration_cocktails_14_recipe_0,migration_cocktails_14,recipe,0,migration_recipes_de3214350d
,pour,triple_sec,30,ml,false,true,false,cocktails,migration_cocktails_14_recipe_1,migration_cocktails_14,recipe,1,migration_recipes_de3214350d
,pour,kahlua,1.5,oz,true,true,false,cocktails,migration_cocktails_15_recipe_0,migration_cocktails_15,recipe,0,migration_recipes_5cb37eee94
,pour,milk,0.75,oz,false,true,false,cocktails,migration_cocktails_15_recipe_1,migration_cocktails_15,recipe,1,migration_recipes_5cb37eee94
,pour,whiskey,50,ml,true,true,false,cocktails,migration_cocktails_16_recipe_0,migration_cocktails_16,recipe,0,migration_recipes_de3214350d
,pour,amaretto,25,ml,false,true,false,cocktails,migration_cocktails_16_recipe_1,migration_cocktails_16,recipe,1,migration_recipes_de3214350d
,pour,vodka,30,ml,true,true,false,cocktails,migration_cocktails_17_recipe_0,migration_cocktails_17,recipe,0,migration_recipes_de3214350d
,pour,amaretto,30,ml,false,true,false,cocktails,migration_cocktails_17_recipe_1,migration_cocktails_17,recipe,1,migration_recipes_de3214350d
,pour,brandy,35,ml,true,true,false,cocktails,migration_cocktails_18_recipe_0,migration_cocktails_18,recipe,0,migration_recipes_de3214350d
,pour,amaretto,35,ml,false,true,false,cocktails,migration_cocktails_18_recipe_1,migration_cocktails_18,recipe,1,migration_recipes_de3214350d
,pour,brandy,50,ml,true,true,false,cocktails,migration_cocktails_19_recipe_0,migration_cocktails_19,recipe,0,migration_recipes_de3214350d
,fill_up,sour_mix,45,ml,false,true,false,cocktails,migration_cocktails_19_recipe_1,migration_cocktails_19,recipe,1,migration_recipes_de3214350d
,pour,gin,25,ml,true,true,false,cocktails,migration_cocktails_20_recipe_0,migration_cocktails_20,recipe,0,migration_recipes_de3214350d
,pour,grenadine,25,ml,false,true,false,cocktails,migration_cocktails_20_recipe_1,migration_cocktails_20,recipe,1,migration_recipes_de3214350d
,pour,cream,25,ml,false,true,false,cocktails,migration_cocktails_20_recipe_2,migration_cocktails_20,recipe,2,migration_recipes_de3214350d
,pour,vodka,30,ml,true,true,false,cocktails,migration_cocktails_21_recipe_0,migration_cocktails_21,recipe,0,migration_recipes_de3214350d
,pour,kahlua,30,ml,false,true,false,cocktails,migration_cocktails_21_recipe_1,migration_cocktails_21,recipe,1,migration_recipes_de3214350d
,pour,coffee,30,ml,true,true,false,cocktails,migration_cocktails_21_recipe_2,migration_cocktails_21,recipe,2,migration_recipes_de3214350d
,pour,green_peppermint,20,ml,true,true,false,cocktails,migration_cocktails_22_recipe_0,migration_cocktails_22,recipe,0,migration_recipes_de3214350d
,pour,white_cacao,20,ml,true,true,false,cocktails,migration_cocktails_22_recipe_1,migration_cocktails_22,recipe,1,migration_recipes_de3214350d
,pour,cream,20,ml,false,true,false,cocktails,migration_cocktails_22_recipe_2,migration_cocktails_22,recipe,2,migration_recipes_de3214350d
,pour,whiskey,50,ml,true,true,false,cocktails,migration_cocktails_23_recipe_0,migration_cocktails_23,recipe,0,migration_recipes_de3214350d
,pour,coffee,120,ml,true,true,false,cocktails,migration_cocktails_23_recipe_1,migration_cocktails_23,recipe,1,migration_recipes_de3214350d
,pour,cream,50,ml,false,true,false,cocktails,migration_cocktails_23_recipe_2,migration_cocktails_23,recipe,2,migration_recipes_de3214350d
,pour,whiskey,30,ml,true,true,false,cocktails,migration_cocktails_24_recipe_0,migration_cocktails_24,recipe,0,migration_recipes_de3214350d
,pour,dry_vermouth,30,ml,false,true,false,cocktails,migration_cocktails_24_recipe_1,migration_cocktails_24,recipe,1,migration_recipes_de3214350d
,pour,campari,30,ml,false,true,false,cocktails,migration_cocktails_24_recipe_2,migration_cocktails_24,recipe,2,migration_recipes_de3214350d
,pour,rum,40,ml,true,true,false,cocktails,migration_cocktails_25_recipe_0,migration_cocktails_25,recipe,0,migration_recipes_de3214350d
,pour,blue_curacao,20,ml,true,true,false,cocktails,migration_cocktails_25_recipe_1,migration_cocktails_25,recipe,1,migration_recipes_de3214350d
,pour,coconut_milk,40,ml,false,true,false,cocktails,migration_cocktails_25_recipe_2,migration_cocktails_25,recipe,2,migration_recipes_de3214350d
,fill_up,pineapple_juice,80,ml,false,true,false,cocktails,migration_cocktails_25_recipe_3,migration_cocktails_25,recipe,3,migration_recipes_de3214350d
,pour,tequila,45,ml,true,true,false,cocktails,migration_cocktails_26_recipe_0,migration_cocktails_26,recipe,0,migration_recipes_de3214350d
,pour,blue_curacao,15,ml,true,true,false,cocktails,migration_cocktails_26_recipe_1,migration_cocktails_26,recipe,1,migration_recipes_de3214350d
,pour,grenadine,10,ml,false,true,false,cocktails,migration_cocktails_26_recipe_2,migration_cocktails_26,recipe,2,migration_recipes_de3214350d
,pour,blue_curacao,15,ml,true,true,false,cocktails,migration_cocktails_27_recipe_0,migration_cocktails_27,recipe,0,migration_recipes_de3214350d
,pour,peach_brandy,15,ml,false,true,false,cocktails,migration_cocktails_27_recipe_1,migration_cocktails_27,recipe,1,migration_recipes_de3214350d
,pour,coconut_milk,30,ml,false,true,false,cocktails,migration_cocktails_27_recipe_2,migration_cocktails_27,recipe,2,migration_recipes_de3214350d
,pour,melon_liqueur,30,ml,true,true,false,cocktails,migration_cocktails_28_recipe_0,migration_cocktails_28,recipe,0,migration_recipes_de3214350d
,pour,malibu,15,ml,false,true,false,cocktails,migration_cocktails_28_recipe_1,migration_cocktails_28,recipe,1,migration_recipes_de3214350d
,pour,banana_liqueur,15,ml,false,true,false,cocktails,migration_cocktails_28_recipe_2,migration_cocktails_28,recipe,2,migration_recipes_de3214350d
,fill_up,pineapple_juice,60,ml,false,true,false,cocktails,migration_cocktails_28_recipe_3,migration_cocktails_28,recipe,3,migration_recipes_de3214350d
,fill_up,sour_mix,60,ml,false,true,false,cocktails,migration_cocktails_28_recipe_4,migration_cocktails_28,recipe,4,migration_recipes_de3214350d
,pour,wild_dog,45,ml,true,true,false,cocktails,migration_cocktails_29_recipe_0,migration_cocktails_29,recipe,0,migration_recipes_de3214350d
,pour,bitters,5,ml,true,true,false,cocktails,migration_cocktails_29_recipe_1,migration_cocktails_29,recipe,1,migration_recipes_de3214350d
,add,sugar_cube,1,count,false,false,true,cocktails,migration_cocktails_29_recipe_2,migration_cocktails_29,recipe,2,migration_recipes_de3214350d
