id,name.ko,name.en,kind,category,color,sprite,unlock_day,unlock_when,shop_price,desc.ko,desc.en,default_action,prep_action,default_target_qty,default_target_unit,shelf_group,liquid_alpha,dataset_id,row_id,parent_id,parent_field,source_order,template_id
gin,진,Gin,ingredient,base,"230,235,240",\N,0,\N,\N,주니퍼베리 향의 증류주. 칵테일의 기본기.,A juniper-scented spirit. The foundation of cocktails.,pour,\N,1.0,oz,liquor,0.35,shelf_items,migration_shelf_items_0,@shelf_items,\N,0,migration_shelfitems_92cb9b9801
beer,맥주,Beer,ingredient,wine_beer,"202,162,4",\N,1,\N,\N,차갑게. 그게 전부이자 진리.,Serve it cold. That's the whole truth.,pour,open,1.0,oz,fridge,0.75,shelf_items,migration_shelf_items_1,@shelf_items,\N,1,migration_shelfitems_362e2a89bd
red_wine,레드와인,Red Wine,ingredient,wine_beer,"98,15,11",\N,1,\N,\N,잔에 따르는 순간부터 분위기가 달라진다.,The mood changes the moment it hits the glass.,pour,\N,1.0,oz,liquor,0.75,shelf_items,migration_shelf_items_2,@shelf_items,\N,2,migration_shelfitems_92cb9b9801
champagne,샴페인,Champagne,ingredient,wine_beer,"255,245,225",\N,1,\N,\N,축하할 일이 없어도 축하하게 만드는 술.,Makes you celebrate even with nothing to celebrate.,pour,\N,1.0,oz,liquor,0.35,shelf_items,migration_shelf_items_3,@shelf_items,\N,3,migration_shelfitems_92cb9b9801
soda_water,탄산수,Carbonated Water,ingredient,mixer,"245,250,255",\N,0,\N,\N,맑고 톡 쏘는 탄산수. 진토닉과 진피즈에 공통으로 사용한다.,"Clear, sparkling carbonated water used in both Gin & Tonic and Gin Fizz.",fill_up,\N,3.0,oz,fridge,0.35,shelf_items,migration_shelf_items_4,@shelf_items,\N,4,migration_shelfitems_92cb9b9801
tequila,데킬라,Tequila,ingredient,base,"240,235,220",\N,1,\N,\N,아가베의 태양을 병에 담은 것.,"The agave sun, bottled.",pour,\N,1.0,oz,liquor,0.35,shelf_items,migration_shelf_items_5,@shelf_items,\N,5,migration_shelfitems_92cb9b9801
vodka,보드카,Vodka,ingredient,base,"240,245,250",\N,1,\N,\N,무색무취. 그래서 어디에나 스며든다.,Colorless and odorless — that's how it blends in anywhere.,pour,\N,1.0,oz,liquor,0.35,shelf_items,migration_shelf_items_6,@shelf_items,\N,6,migration_shelfitems_92cb9b9801
rum,럼,Rum,ingredient,base,"180,120,60",\N,1,\N,\N,사탕수수와 항해의 술.,The spirit of sugarcane and long voyages.,pour,\N,1.0,oz,liquor,0.75,shelf_items,migration_shelf_items_7,@shelf_items,\N,7,migration_shelfitems_92cb9b9801
orange_juice,오렌지주스,Orange Juice,ingredient,juice,"253,180,60",\N,1,\N,25,아침의 맛. 새벽의 바에서는 위장약.,"The taste of morning. At a bar past midnight, it's medicine.",pour,\N,1.0,oz,fridge,0.75,shelf_items,migration_shelf_items_8,@shelf_items,\N,8,migration_shelfitems_b2864c6119
ginger_ale,진저에일,Ginger Ale,ingredient,mixer,"230,200,120",\N,1,\N,25,알싸한 생강 탄산.,Spicy ginger fizz.,fill_up,\N,3.0,oz,fridge,0.75,shelf_items,migration_shelf_items_9,@shelf_items,\N,9,migration_shelfitems_b2864c6119
cola,콜라,Cola,ingredient,mixer,"60,30,20",\N,1,\N,25,무엇을 섞어도 콜라 맛이 이긴다. 그게 무기다.,Mix in anything — cola wins. That's its weapon.,fill_up,\N,3.0,oz,fridge,0.75,shelf_items,migration_shelf_items_10,@shelf_items,\N,10,migration_shelfitems_b2864c6119
whiskey,위스키,Whiskey,ingredient,base,"190,120,40",\N,2,\N,\N,오크통에서 잠들었다 깨어난 시간.,Time that slept in an oak barrel and woke up.,pour,\N,1.0,oz,liquor,0.75,shelf_items,migration_shelf_items_11,@shelf_items,\N,11,migration_shelfitems_92cb9b9801
dry_vermouth,드라이 버무스,Dry Vermouth,ingredient,liqueur,"220,220,190",\N,1,\N,\N,마티니를 마티니로 만드는 한 방울.,The one drop that makes a martini a martini.,pour,\N,1.0,oz,liquor,0.35,shelf_items,migration_shelf_items_12,@shelf_items,\N,12,migration_shelfitems_92cb9b9801
grenadine,그레나딘,Grenadine,ingredient,syrup,"180,30,50",\N,2,\N,\N,석류빛 붉은 시럽. 노을 담당.,Pomegranate-red syrup. In charge of sunsets.,pour,\N,1.0,oz,liquor,0.75,shelf_items,migration_shelf_items_13,@shelf_items,\N,13,migration_shelfitems_92cb9b9801
sour_mix,사워믹스,Sour Mix,ingredient,mixer,"230,220,160",\N,2,\N,25,새콤한 필업 베이스.,A tangy fill-up base.,fill_up,\N,3.0,oz,fridge,0.75,shelf_items,migration_shelf_items_14,@shelf_items,\N,14,migration_shelfitems_b2864c6119
cointreau,쿠앵트로,Cointreau,ingredient,liqueur,"235,200,140",\N,1,\N,\N,오렌지 리큐르의 귀족.,The aristocrat of orange liqueurs.,pour,\N,1.0,oz,liquor,0.35,shelf_items,migration_shelf_items_15,@shelf_items,\N,15,migration_shelfitems_92cb9b9801
cranberry_juice,크랜베리주스,Cranberry Juice,ingredient,juice,"170,30,60",\N,1,\N,25,붉고 떫고 세련된 맛.,"Red, tart, and sophisticated.",pour,\N,1.0,oz,fridge,0.75,shelf_items,migration_shelf_items_16,@shelf_items,\N,16,migration_shelfitems_b2864c6119
triple_sec,트리플섹,Triple Sec,ingredient,liqueur,"235,225,200",\N,2,\N,\N,오렌지 리큐르의 실용주의자.,The pragmatist of orange liqueurs.,pour,\N,1.0,oz,liquor,0.35,shelf_items,migration_shelf_items_17,@shelf_items,\N,17,migration_shelfitems_92cb9b9801
kahlua,칼루아,Kahlua,ingredient,liqueur,"60,35,25",\N,1,\N,\N,커피를 술로 번역한 것.,"Coffee, translated into liquor.",pour,\N,1.0,oz,liquor,0.75,shelf_items,migration_shelf_items_18,@shelf_items,\N,18,migration_shelfitems_92cb9b9801
milk,우유,Milk,ingredient,dairy,"245,245,240",\N,1,\N,15,고양이와 초보 손님의 선택.,The choice of cats and cautious customers.,pour,\N,1.0,oz,fridge,1.0,shelf_items,migration_shelf_items_19,@shelf_items,\N,19,migration_shelfitems_b2864c6119
brandy,브랜디,Brandy,ingredient,base,"170,90,35",\N,2,\N,\N,포도를 증류한 온기. 잔을 데우는 술.,Distilled warmth of the grape. A spirit that warms the glass.,pour,\N,1.0,oz,liquor,0.75,shelf_items,migration_shelf_items_20,@shelf_items,\N,20,migration_shelfitems_92cb9b9801
amaretto,아마레토,Amaretto,ingredient,liqueur,"135,75,35",\N,2,\N,\N,살구씨의 달콤쌉싸름한 향.,Bittersweet aroma of apricot kernels.,pour,\N,1.0,oz,liquor,0.75,shelf_items,migration_shelf_items_21,@shelf_items,\N,21,migration_shelfitems_92cb9b9801
cream,크림,Cream,ingredient,dairy,"240,228,205",\N,2,\N,15,무엇이든 부드럽게 감싸는 마무리.,A finish that softens everything it touches.,pour,\N,1.0,oz,fridge,1.0,shelf_items,migration_shelf_items_22,@shelf_items,\N,22,migration_shelfitems_b2864c6119
green_peppermint,그린페퍼민트,Green Peppermint,ingredient,liqueur,"45,160,110",\N,3,\N,\N,초록빛 박하. 한 모금의 냉기.,Green mint. A sip of cold air.,pour,\N,1.0,oz,liquor,0.75,shelf_items,migration_shelf_items_23,@shelf_items,\N,23,migration_shelfitems_92cb9b9801
white_cacao,화이트카카오,White Cacao,ingredient,liqueur,"232,220,188",\N,3,\N,\N,색을 지운 초콜릿 향.,Chocolate aroma with the color removed.,pour,\N,1.0,oz,liquor,0.35,shelf_items,migration_shelf_items_24,@shelf_items,\N,24,migration_shelfitems_92cb9b9801
coffee,커피,Coffee,ingredient,other,"70,45,30",\N,3,\N,15,새벽 바의 두 번째 연료.,The bar's second fuel after midnight.,pour,\N,1.0,oz,fridge,0.75,shelf_items,migration_shelf_items_25,@shelf_items,\N,25,migration_shelfitems_b2864c6119
campari,캄파리,Campari,ingredient,liqueur,"200,45,45",\N,3,\N,\N,선명한 붉은색의 쓴맛. 어른의 입문 시험.,A vivid red bitterness. An entrance exam for adults.,pour,\N,1.0,oz,liquor,0.75,shelf_items,migration_shelf_items_26,@shelf_items,\N,26,migration_shelfitems_92cb9b9801
blue_curacao,블루큐라소,Blue Curacao,ingredient,liqueur,"0,145,200",\N,3,\N,\N,오렌지 향의 파랑. 바다를 접어 넣은 병.,Orange-scented blue. A bottle with the sea folded in.,pour,\N,1.0,oz,liquor,0.75,shelf_items,migration_shelf_items_27,@shelf_items,\N,27,migration_shelfitems_92cb9b9801
pineapple_juice,파인애플주스,Pineapple Juice,ingredient,juice,"235,200,75",\N,3,\N,25,트로피컬의 기본값.,The default setting of tropical.,pour,\N,1.0,oz,fridge,0.75,shelf_items,migration_shelf_items_28,@shelf_items,\N,28,migration_shelfitems_b2864c6119
coconut_milk,코코넛우유,Coconut Milk,ingredient,dairy,"243,238,220",\N,3,\N,15,야자수 그늘의 맛.,Tastes like the shade of a palm tree.,pour,\N,1.0,oz,fridge,1.0,shelf_items,migration_shelf_items_29,@shelf_items,\N,29,migration_shelfitems_b2864c6119
peach_brandy,피치브랜디,Peach Brandy,ingredient,liqueur,"225,145,100",\N,3,\N,\N,복숭아의 단내를 증류한 리큐르.,A liqueur distilled from the sweetness of peaches.,pour,\N,1.0,oz,liquor,0.75,shelf_items,migration_shelf_items_30,@shelf_items,\N,30,migration_shelfitems_92cb9b9801
melon_liqueur,멜론리큐르,Melon Liqueur,ingredient,liqueur,"130,190,55",\N,3,\N,\N,초록 멜론의 단맛.,The sweetness of green melon.,pour,\N,1.0,oz,liquor,0.75,shelf_items,migration_shelf_items_31,@shelf_items,\N,31,migration_shelfitems_92cb9b9801
malibu,말리부,Malibu,ingredient,liqueur,"242,238,220",\N,3,\N,\N,코코넛 향 럼. 휴양지의 지름길.,Coconut rum. A shortcut to the beach.,pour,\N,1.0,oz,liquor,0.35,shelf_items,migration_shelf_items_32,@shelf_items,\N,32,migration_shelfitems_92cb9b9801
banana_liqueur,바나나리큐르,Banana Liqueur,ingredient,liqueur,"235,205,65",\N,3,\N,\N,노란 단맛의 마무리 담당.,A yellow sweetness for the finishing touch.,pour,\N,1.0,oz,liquor,0.75,shelf_items,migration_shelf_items_33,@shelf_items,\N,33,migration_shelfitems_92cb9b9801
cocktail,칵테일잔,Cocktail Glass,glass,\N,\N,glass_cocktail,0,\N,\N,역삼각형의 그 잔. 격식의 상징.,The inverted triangle. A symbol of formality.,\N,\N,\N,\N,\N,\N,shelf_items,migration_shelf_items_34,@shelf_items,\N,34,migration_shelfitems_f4db32ddef
long_drink,롱드링크잔,Long Drink Glass,glass,\N,\N,glass_longdrink,0,\N,\N,길고 늘씬한 잔. 탄산 롱드링크의 표준.,Tall and slim. The standard for fizzy long drinks.,\N,\N,\N,\N,\N,\N,shelf_items,migration_shelf_items_35,@shelf_items,\N,35,migration_shelfitems_f4db32ddef
old_fashioned,올드패션잔,Old Fashioned Glass,glass,\N,\N,glass_oldfashioned,0,\N,\N,낮고 두꺼운 잔. 얼음과 독주의 자리.,Low and thick. A seat for ice and strong spirits.,\N,\N,\N,\N,\N,\N,shelf_items,migration_shelf_items_36,@shelf_items,\N,36,migration_shelfitems_f4db32ddef
sour,사워잔,Sour Glass,glass,\N,\N,glass_sour,0,\N,\N,사워 칵테일 전용의 짧은 스템 잔.,A short-stemmed glass reserved for sours.,\N,\N,\N,\N,\N,\N,shelf_items,migration_shelf_items_37,@shelf_items,\N,37,migration_shelfitems_f4db32ddef
wine,와인잔,Wine Glass,glass,\N,\N,glass_wine,0,\N,\N,다리가 긴 잔. 와인도 샴페인도 여기에.,A long-stemmed glass — for wine and champagne alike.,\N,\N,\N,\N,\N,\N,shelf_items,migration_shelf_items_38,@shelf_items,\N,38,migration_shelfitems_f4db32ddef
mug,맥주잔,Beer Mug,glass,\N,\N,glass_mug,0,\N,\N,맥주·뮬 담당의 묵직한 잔.,A heavy glass for beer and mules.,\N,\N,\N,\N,\N,\N,shelf_items,migration_shelf_items_39,@shelf_items,\N,39,migration_shelfitems_f4db32ddef
shaker,셰이커,Shaker,tool,\N,\N,tool_shaker,0,\N,\N,셰이킹 기믹용.,For the shaking gimmick.,\N,\N,\N,\N,\N,\N,shelf_items,migration_shelf_items_40,@shelf_items,\N,40,migration_shelfitems_f4db32ddef
mixing_glass,믹싱 글라스 & 바 스푼,Mixing Glass & Bar Spoon,tool,\N,\N,tool_mixing,0,\N,\N,스터 기믹용 — 잔에 붓기 전 여기서 젓는다.,For the stirring gimmick — stir here before pouring.,\N,\N,\N,\N,\N,\N,shelf_items,migration_shelf_items_41,@shelf_items,\N,41,migration_shelfitems_f4db32ddef
wild_dog,와일드 독,Wild Dog,ingredient,base,"190,120,40",\N,3,flag.johnny_recipe_unlocked,\N,와일드 독 · 조니의 올드 패션드 재료.,\N,pour,\N,45,ml,liquor,0.75,shelf_items,migration_shelf_items_42,@shelf_items,\N,42,migration_shelfitems_053a152655
bitters,비터스,Bitters,ingredient,liqueur,"60,35,25",\N,3,flag.johnny_recipe_unlocked,\N,비터스 · 조니의 올드 패션드 재료.,\N,pour,\N,5,ml,liquor,0.75,shelf_items,migration_shelf_items_43,@shelf_items,\N,43,migration_shelfitems_053a152655
sugar_cube,각설탕,Sugar Cube,ingredient,sugar,"190,120,40",\N,3,flag.johnny_recipe_unlocked,\N,각설탕 · 조니의 올드 패션드 재료.,\N,add,\N,1,count,liquor,0.75,shelf_items,migration_shelf_items_44,@shelf_items,\N,44,migration_shelfitems_053a152655
