template_id,node_id,parent_node,field,field_order,kind,column,type,table,slot,container,key_column,parent,row_id,map_key,owner
balance_config_format_01,0,,,0,cell,value,str,,,,,,,setting,BalanceConfig
balance_config_format_02,0,,,0,cell,value,int,,,,,,,setting,BalanceConfig
balance_config_format_03,0,,,0,cell,value,float,,,,,,,setting,BalanceConfig
balance_config_format_04,0,,,0,cell,value,bool,,,,,,,setting,BalanceConfig
grade_cuts_format_01,0,,,0,object,,,,,,,,,,GradeCuts
grade_cuts_format_01,0.0,0,grade,0,cell,grade,str,,,,,,,,
grade_cuts_format_01,0.1,0,min_pct,1,cell,min_pct,int,,,,,,,,
settlement_rules_format_01,0,,,0,object,,,,,,,,,setting,SettlementRules
settlement_rules_format_01,0.0,0,sale_rate,0,cell,sale_rate,float,,,,,,,,
settlement_rules_format_01,0.1,0,tip_rate,1,cell,tip_rate,float,,,,,,,,
settlement_rules_format_01,0.2,0,refund_rate,2,cell,refund_rate,float,,,,,,,,
score_bands_format_01,0,,,0,object,,,,,,,,,,ScoreBands
score_bands_format_01,0.0,0,band_type,0,cell,band_type,str,,,,,,,,
score_bands_format_01,0.1,0,min_ratio,1,cell,min_ratio,float,,,,,,,,
score_bands_format_01,0.2,0,max_ratio,2,cell,max_ratio,float,,,,,,,,
score_bands_format_01,0.3,0,min_inclusive,3,cell,min_inclusive,bool,,,,,,,,
score_bands_format_01,0.4,0,max_inclusive,4,cell,max_inclusive,bool,,,,,,,,
score_bands_format_01,0.5,0,score_or_penalty,5,cell,score_or_penalty,int,,,,,,,,
score_bands_format_02,0,,,0,object,,,,,,,,,,ScoreBands
score_bands_format_02,0.0,0,band_type,0,cell,band_type,str,,,,,,,,
score_bands_format_02,0.1,0,min_ratio,1,cell,min_ratio,float,,,,,,,,
score_bands_format_02,0.2,0,max_ratio,2,cell,max_ratio,NoneType,,,,,,,,
score_bands_format_02,0.3,0,min_inclusive,3,cell,min_inclusive,bool,,,,,,,,
score_bands_format_02,0.4,0,max_inclusive,4,cell,max_inclusive,bool,,,,,,,,
score_bands_format_02,0.5,0,score_or_penalty,5,cell,score_or_penalty,int,,,,,,,,
affinity_matrix_format_01,0,,,0,object,,,,,,,,,,AffinityMatrix
affinity_matrix_format_01,0.0,0,taste_tier,0,cell,taste_tier,str,,,,,,,,
affinity_matrix_format_01,0.1,0,excellent,1,cell,excellent,int,,,,,,,,
affinity_matrix_format_01,0.2,0,good,2,cell,good,int,,,,,,,,
affinity_matrix_format_01,0.3,0,decent,3,cell,decent,int,,,,,,,,
affinity_matrix_format_01,0.4,0,poor,4,cell,poor,int,,,,,,,,
affinity_matrix_format_01,0.5,0,sewage,5,cell,sewage,int,,,,,,,,
balance_root_format_01,0,,,0,object,,,,,,,,,,BalanceRoot
balance_root_format_01,0.0,0,config,0,children,,,BalanceConfig,config,dict,setting,,,,
balance_root_format_01,0.1,0,grade_cuts,1,children,,,GradeCuts,grade_cuts,list,,,,,
balance_root_format_01,0.2,0,settlement_rules,2,children,,,SettlementRules,settlement_rules,dict,setting,,,,
balance_root_format_01,0.3,0,score_bands,3,children,,,ScoreBands,score_bands,list,,,,,
balance_root_format_01,0.4,0,affinity_matrix,4,children,,,AffinityMatrix,affinity_matrix,list,,,,,
bark_situations_format_01,0,,,0,object,,,,,,,,,situation,BarkSituations
bark_situations_format_01,0.0,0,default_expression,0,cell,default_expression,str,,,,,,,,
barks_format_01,0,,,0,object,,,,,,,,,,Barks
barks_format_01,0.0,0,voice_id,0,cell,voice_id,str,,,,,,,,
barks_format_01,0.1,0,expression,1,cell,expression,NoneType,,,,,,,,
barks_format_01,0.2,0,situation,2,cell,situation,str,,,,,,,,
barks_format_01,0.3,0,text,3,object,,,,,,,,,,
barks_format_01,0.3.0,0.3,ko,0,cell,text.ko,str,,,,,,,,
barks_format_01,0.3.1,0.3,en,1,cell,text.en,str,,,,,,,,
barks_format_01,0.4,0,weight,4,cell,weight,int,,,,,,,,
barks_format_02,0,,,0,object,,,,,,,,,,Barks
barks_format_02,0.0,0,voice_id,0,cell,voice_id,NoneType,,,,,,,,
barks_format_02,0.1,0,expression,1,cell,expression,NoneType,,,,,,,,
barks_format_02,0.2,0,situation,2,cell,situation,str,,,,,,,,
barks_format_02,0.3,0,text,3,object,,,,,,,,,,
barks_format_02,0.3.0,0.3,ko,0,cell,text.ko,str,,,,,,,,
barks_format_02,0.3.1,0.3,en,1,cell,text.en,str,,,,,,,,
barks_format_02,0.4,0,weight,4,cell,weight,int,,,,,,,,
barks_format_03,0,,,0,object,,,,,,,,,,Barks
barks_format_03,0.0,0,voice_id,0,cell,voice_id,NoneType,,,,,,,,
barks_format_03,0.1,0,expression,1,cell,expression,str,,,,,,,,
barks_format_03,0.2,0,situation,2,cell,situation,str,,,,,,,,
barks_format_03,0.3,0,text,3,object,,,,,,,,,,
barks_format_03,0.3.0,0.3,ko,0,cell,text.ko,str,,,,,,,,
barks_format_03,0.3.1,0.3,en,1,cell,text.en,str,,,,,,,,
barks_format_03,0.4,0,weight,4,cell,weight,int,,,,,,,,
barks_format_04,0,,,0,object,,,,,,,,,,Barks
barks_format_04,0.0,0,voice_id,0,cell,voice_id,str,,,,,,,,
barks_format_04,0.1,0,expression,1,cell,expression,str,,,,,,,,
barks_format_04,0.2,0,situation,2,cell,situation,str,,,,,,,,
barks_format_04,0.3,0,text,3,object,,,,,,,,,,
barks_format_04,0.3.0,0.3,ko,0,cell,text.ko,str,,,,,,,,
barks_format_04,0.3.1,0.3,en,1,cell,text.en,str,,,,,,,,
barks_format_04,0.4,0,weight,4,cell,weight,int,,,,,,,,
expression_parts_format_01,0,,,0,object,,,,,,,,,part,ExpressionParts
expression_parts_format_01,0.0,0,clip,0,cell,clip,str,,,,,,,,
expression_parts_format_01,0.1,0,loop,1,cell,loop,str,,,,,,,,
expressions_format_01,0,,,0,object,,,,,,,,,expression,Expressions
expressions_format_01,0.0,0,mode,0,cell,mode,str,,,,,,,,
expressions_format_01,0.1,0,sprite,1,cell,sprite,NoneType,,,,,,,,
expressions_format_01,0.2,0,talk_anim,2,cell,talk_anim,bool,,,,,,,,
expressions_format_01,0.3,0,parts,3,children,,,ExpressionParts,parts,dict,part,,,,
animation_characters_format_01,0,,,0,children,,,Expressions,value,dict,expression,,,character,AnimationCharacters
expressions_format_02,0,,,0,object,,,,,,,,,expression,Expressions
expressions_format_02,0.0,0,mode,0,cell,mode,str,,,,,,,,
expressions_format_02,0.1,0,sprite,1,cell,sprite,str,,,,,,,,
expressions_format_02,0.2,0,talk_anim,2,cell,talk_anim,bool,,,,,,,,
expressions_format_02,0.3,0,parts,3,cell,parts,NoneType,,,,,,,,
character_expressions_format_01,0,,,0,cell,value,str,,,,,,,,CharacterExpressions
characters_format_01,0,,,0,object,,,,,,,,,,Characters
characters_format_01,0.0,0,id,0,cell,id,str,,,,,,,,
characters_format_01,0.1,0,name,1,object,,,,,,,,,,
characters_format_01,0.1.0,0.1,ko,0,cell,name.ko,str,,,,,,,,
characters_format_01,0.1.1,0.1,en,1,cell,name.en,str,,,,,,,,
characters_format_01,0.2,0,name_color,2,cell,name_color,str,,,,,,,,
characters_format_01,0.3,0,role,3,cell,role,str,,,,,,,,
characters_format_01,0.4,0,affinity,4,cell,affinity,bool,,,,,,,,
characters_format_01,0.5,0,alive_flag,5,cell,alive_flag,NoneType,,,,,,,,
characters_format_01,0.6,0,expressions,6,children,,,CharacterExpressions,expressions,list,,,,,
characters_format_01,0.7,0,base_body,7,cell,base_body,str,,,,,,,,
characters_format_01,0.8,0,enter_sfx,8,cell,enter_sfx,NoneType,,,,,,,,
characters_format_01,0.9,0,exit_sfx,9,cell,exit_sfx,NoneType,,,,,,,,
characters_format_02,0,,,0,object,,,,,,,,,,Characters
characters_format_02,0.0,0,id,0,cell,id,str,,,,,,,,
characters_format_02,0.1,0,name,1,object,,,,,,,,,,
characters_format_02,0.1.0,0.1,ko,0,cell,name.ko,str,,,,,,,,
characters_format_02,0.1.1,0.1,en,1,cell,name.en,str,,,,,,,,
characters_format_02,0.2,0,name_color,2,cell,name_color,str,,,,,,,,
characters_format_02,0.3,0,role,3,cell,role,str,,,,,,,,
characters_format_02,0.4,0,affinity,4,cell,affinity,bool,,,,,,,,
characters_format_02,0.5,0,alive_flag,5,cell,alive_flag,NoneType,,,,,,,,
characters_format_02,0.6,0,expressions,6,children,,,CharacterExpressions,expressions,list,,,,,
characters_format_02,0.7,0,base_body,7,cell,base_body,str,,,,,,,,
characters_format_02,0.8,0,enter_sfx,8,cell,enter_sfx,str,,,,,,,,
characters_format_02,0.9,0,exit_sfx,9,cell,exit_sfx,str,,,,,,,,
characters_format_03,0,,,0,object,,,,,,,,,,Characters
characters_format_03,0.0,0,id,0,cell,id,str,,,,,,,,
characters_format_03,0.1,0,name,1,object,,,,,,,,,,
characters_format_03,0.1.0,0.1,ko,0,cell,name.ko,str,,,,,,,,
characters_format_03,0.1.1,0.1,en,1,cell,name.en,str,,,,,,,,
characters_format_03,0.2,0,name_color,2,cell,name_color,str,,,,,,,,
characters_format_03,0.3,0,role,3,cell,role,str,,,,,,,,
characters_format_03,0.4,0,affinity,4,cell,affinity,bool,,,,,,,,
characters_format_03,0.5,0,alive_flag,5,cell,alive_flag,NoneType,,,,,,,,
characters_format_03,0.6,0,expressions,6,children,,,CharacterExpressions,expressions,list,,,,,
characters_format_03,0.7,0,base_body,7,cell,base_body,NoneType,,,,,,,,
characters_format_03,0.8,0,enter_sfx,8,cell,enter_sfx,str,,,,,,,,
characters_format_03,0.9,0,exit_sfx,9,cell,exit_sfx,str,,,,,,,,
characters_format_04,0,,,0,object,,,,,,,,,,Characters
characters_format_04,0.0,0,id,0,cell,id,str,,,,,,,,
characters_format_04,0.1,0,name,1,object,,,,,,,,,,
characters_format_04,0.1.0,0.1,ko,0,cell,name.ko,str,,,,,,,,
characters_format_04,0.1.1,0.1,en,1,cell,name.en,str,,,,,,,,
characters_format_04,0.2,0,name_color,2,cell,name_color,str,,,,,,,,
characters_format_04,0.3,0,role,3,cell,role,str,,,,,,,,
characters_format_04,0.4,0,affinity,4,cell,affinity,bool,,,,,,,,
characters_format_04,0.5,0,alive_flag,5,cell,alive_flag,str,,,,,,,,
characters_format_04,0.6,0,expressions,6,children,,,CharacterExpressions,expressions,list,,,,,
characters_format_04,0.7,0,base_body,7,cell,base_body,str,,,,,,,,
characters_format_04,0.8,0,enter_sfx,8,cell,enter_sfx,str,,,,,,,,
characters_format_04,0.9,0,exit_sfx,9,cell,exit_sfx,str,,,,,,,,
characters_format_05,0,,,0,object,,,,,,,,,,Characters
characters_format_05,0.0,0,id,0,cell,id,str,,,,,,,,
characters_format_05,0.1,0,name,1,object,,,,,,,,,,
characters_format_05,0.1.0,0.1,ko,0,cell,name.ko,str,,,,,,,,
characters_format_05,0.1.1,0.1,en,1,cell,name.en,str,,,,,,,,
characters_format_05,0.2,0,name_color,2,cell,name_color,str,,,,,,,,
characters_format_05,0.3,0,role,3,cell,role,str,,,,,,,,
characters_format_05,0.4,0,affinity,4,cell,affinity,bool,,,,,,,,
characters_format_05,0.5,0,alive_flag,5,cell,alive_flag,str,,,,,,,,
characters_format_05,0.6,0,expressions,6,children,,,CharacterExpressions,expressions,list,,,,,
characters_format_05,0.7,0,base_body,7,cell,base_body,NoneType,,,,,,,,
characters_format_05,0.8,0,enter_sfx,8,cell,enter_sfx,str,,,,,,,,
characters_format_05,0.9,0,exit_sfx,9,cell,exit_sfx,str,,,,,,,,
characters_format_06,0,,,0,object,,,,,,,,,,Characters
characters_format_06,0.0,0,id,0,cell,id,str,,,,,,,,
characters_format_06,0.1,0,name,1,object,,,,,,,,,,
characters_format_06,0.1.0,0.1,ko,0,cell,name.ko,str,,,,,,,,
characters_format_06,0.1.1,0.1,en,1,cell,name.en,str,,,,,,,,
characters_format_06,0.2,0,name_color,2,cell,name_color,str,,,,,,,,
characters_format_06,0.3,0,role,3,cell,role,str,,,,,,,,
characters_format_06,0.4,0,affinity,4,cell,affinity,bool,,,,,,,,
characters_format_06,0.5,0,alive_flag,5,cell,alive_flag,NoneType,,,,,,,,
characters_format_06,0.6,0,expressions,6,children,,,CharacterExpressions,expressions,list,,,,,
characters_format_06,0.7,0,base_body,7,cell,base_body,NoneType,,,,,,,,
characters_format_06,0.8,0,enter_sfx,8,cell,enter_sfx,NoneType,,,,,,,,
characters_format_06,0.9,0,exit_sfx,9,cell,exit_sfx,NoneType,,,,,,,,
cocktail_tags_format_01,0,,,0,object,,,,,,,,,,CocktailTags
cocktail_tags_format_01,0.0,0,id,0,cell,id,str,,,,,,,,
cocktail_tags_format_01,0.1,0,ko,1,cell,ko,str,,,,,,,,
cocktail_tags_format_01,0.2,0,en,2,cell,en,str,,,,,,,,
cocktail_tags_format_01,0.3,0,category,3,cell,category,str,,,,,,,,
recipes_format_01,0,,,0,object,,,,,,,,,,Recipes
recipes_format_01,0.0,0,action,0,cell,action,str,,,,,,,,
recipes_format_01,0.1,0,ingredient,1,cell,ingredient,str,,,,,,,,
recipes_format_01,0.2,0,qty,2,cell,qty,float,,,,,,,,
recipes_format_01,0.3,0,unit,3,cell,unit,str,,,,,,,,
recipes_format_01,0.4,0,is_core,4,cell,is_core,bool,,,,,,,,
recipes_format_01,0.5,0,scored,5,cell,scored,bool,,,,,,,,
recipes_format_01,0.6,0,auto_apply,6,cell,auto_apply,bool,,,,,,,,
recipes_format_02,0,,,0,object,,,,,,,,,,Recipes
recipes_format_02,0.0,0,action,0,cell,action,str,,,,,,,,
recipes_format_02,0.1,0,ingredient,1,cell,ingredient,str,,,,,,,,
recipes_format_02,0.2,0,qty,2,cell,qty,int,,,,,,,,
recipes_format_02,0.3,0,unit,3,cell,unit,str,,,,,,,,
recipes_format_02,0.4,0,is_core,4,cell,is_core,bool,,,,,,,,
recipes_format_02,0.5,0,scored,5,cell,scored,bool,,,,,,,,
recipes_format_02,0.6,0,auto_apply,6,cell,auto_apply,bool,,,,,,,,
cocktails_format_01,0,,,0,object,,,,,,,,,,Cocktails
cocktails_format_01,0.0,0,id,0,cell,id,str,,,,,,,,
cocktails_format_01,0.1,0,name,1,object,,,,,,,,,,
cocktails_format_01,0.1.0,0.1,ko,0,cell,name.ko,str,,,,,,,,
cocktails_format_01,0.1.1,0.1,en,1,cell,name.en,str,,,,,,,,
cocktails_format_01,0.2,0,status,2,cell,status,str,,,,,,,,
cocktails_format_01,0.3,0,price,3,cell,price,int,,,,,,,,
cocktails_format_01,0.4,0,abv,4,cell,abv,float,,,,,,,,
cocktails_format_01,0.5,0,glass,5,cell,glass,str,,,,,,,,
cocktails_format_01,0.6,0,target_mix_method,6,cell,target_mix_method,str,,,,,,,,
cocktails_format_01,0.7,0,target_prep_action,7,cell,target_prep_action,NoneType,,,,,,,,
cocktails_format_01,0.8,0,mix,8,cell,mix,str,,,,,,,,
cocktails_format_01,0.9,0,prep,9,cell,prep,NoneType,,,,,,,,
cocktails_format_01,0.10,0,garnish,10,cell,garnish,NoneType,,,,,,,,
cocktails_format_01,0.11,0,color,11,cell,color,str,,,,,,,,
cocktails_format_01,0.12,0,color2,12,cell,color2,NoneType,,,,,,,,
cocktails_format_01,0.13,0,mixing_ice,13,cell,mixing_ice,str,,,,,,,,
cocktails_format_01,0.14,0,serving_ice,14,cell,serving_ice,str,,,,,,,,
cocktails_format_01,0.15,0,tags,15,children,,,CocktailTags,tags,list,,,,,
cocktails_format_01,0.16,0,flavor,16,object,,,,,,,,,,
cocktails_format_01,0.16.0,0.16,ko,0,cell,flavor.ko,str,,,,,,,,
cocktails_format_01,0.16.1,0.16,en,1,cell,flavor.en,str,,,,,,,,
cocktails_format_01,0.17,0,recipe_desc,17,object,,,,,,,,,,
cocktails_format_01,0.17.0,0.17,ko,0,cell,recipe_desc.ko,str,,,,,,,,
cocktails_format_01,0.17.1,0.17,en,1,cell,recipe_desc.en,str,,,,,,,,
cocktails_format_01,0.18,0,unlock_day,18,cell,unlock_day,int,,,,,,,,
cocktails_format_01,0.19,0,unlock_when,19,cell,unlock_when,NoneType,,,,,,,,
cocktails_format_01,0.20,0,time_limit_sec,20,cell,time_limit_sec,int,,,,,,,,
cocktails_format_01,0.21,0,recipe,21,children,,,Recipes,recipe,list,,,,,
cocktails_format_01,0.22,0,sprite,22,cell,sprite,str,,,,,,,,
cocktails_format_01,0.23,0,serve_sprite,23,cell,serve_sprite,str,,,,,,,,
cocktails_format_02,0,,,0,object,,,,,,,,,,Cocktails
cocktails_format_02,0.0,0,id,0,cell,id,str,,,,,,,,
cocktails_format_02,0.1,0,name,1,object,,,,,,,,,,
cocktails_format_02,0.1.0,0.1,ko,0,cell,name.ko,str,,,,,,,,
cocktails_format_02,0.1.1,0.1,en,1,cell,name.en,str,,,,,,,,
cocktails_format_02,0.2,0,status,2,cell,status,str,,,,,,,,
cocktails_format_02,0.3,0,price,3,cell,price,int,,,,,,,,
cocktails_format_02,0.4,0,abv,4,cell,abv,float,,,,,,,,
cocktails_format_02,0.5,0,glass,5,cell,glass,str,,,,,,,,
cocktails_format_02,0.6,0,target_mix_method,6,cell,target_mix_method,str,,,,,,,,
cocktails_format_02,0.7,0,target_prep_action,7,cell,target_prep_action,str,,,,,,,,
cocktails_format_02,0.8,0,mix,8,cell,mix,str,,,,,,,,
cocktails_format_02,0.9,0,prep,9,cell,prep,str,,,,,,,,
cocktails_format_02,0.10,0,garnish,10,cell,garnish,NoneType,,,,,,,,
cocktails_format_02,0.11,0,color,11,cell,color,str,,,,,,,,
cocktails_format_02,0.12,0,color2,12,cell,color2,NoneType,,,,,,,,
cocktails_format_02,0.13,0,mixing_ice,13,cell,mixing_ice,str,,,,,,,,
cocktails_format_02,0.14,0,serving_ice,14,cell,serving_ice,str,,,,,,,,
cocktails_format_02,0.15,0,tags,15,children,,,CocktailTags,tags,list,,,,,
cocktails_format_02,0.16,0,flavor,16,object,,,,,,,,,,
cocktails_format_02,0.16.0,0.16,ko,0,cell,flavor.ko,str,,,,,,,,
cocktails_format_02,0.16.1,0.16,en,1,cell,flavor.en,str,,,,,,,,
cocktails_format_02,0.17,0,recipe_desc,17,object,,,,,,,,,,
cocktails_format_02,0.17.0,0.17,ko,0,cell,recipe_desc.ko,str,,,,,,,,
cocktails_format_02,0.17.1,0.17,en,1,cell,recipe_desc.en,str,,,,,,,,
cocktails_format_02,0.18,0,unlock_day,18,cell,unlock_day,int,,,,,,,,
cocktails_format_02,0.19,0,unlock_when,19,cell,unlock_when,NoneType,,,,,,,,
cocktails_format_02,0.20,0,time_limit_sec,20,cell,time_limit_sec,int,,,,,,,,
cocktails_format_02,0.21,0,recipe,21,children,,,Recipes,recipe,list,,,,,
cocktails_format_02,0.22,0,sprite,22,cell,sprite,str,,,,,,,,
cocktails_format_02,0.23,0,serve_sprite,23,cell,serve_sprite,str,,,,,,,,
cocktails_format_03,0,,,0,object,,,,,,,,,,Cocktails
cocktails_format_03,0.0,0,id,0,cell,id,str,,,,,,,,
cocktails_format_03,0.1,0,name,1,object,,,,,,,,,,
cocktails_format_03,0.1.0,0.1,ko,0,cell,name.ko,str,,,,,,,,
cocktails_format_03,0.1.1,0.1,en,1,cell,name.en,str,,,,,,,,
cocktails_format_03,0.2,0,status,2,cell,status,str,,,,,,,,
cocktails_format_03,0.3,0,price,3,cell,price,int,,,,,,,,
cocktails_format_03,0.4,0,abv,4,cell,abv,float,,,,,,,,
cocktails_format_03,0.5,0,glass,5,cell,glass,str,,,,,,,,
cocktails_format_03,0.6,0,target_mix_method,6,cell,target_mix_method,str,,,,,,,,
cocktails_format_03,0.7,0,target_prep_action,7,cell,target_prep_action,NoneType,,,,,,,,
cocktails_format_03,0.8,0,mix,8,cell,mix,str,,,,,,,,
cocktails_format_03,0.9,0,prep,9,cell,prep,NoneType,,,,,,,,
cocktails_format_03,0.10,0,garnish,10,cell,garnish,NoneType,,,,,,,,
cocktails_format_03,0.11,0,color,11,cell,color,str,,,,,,,,
cocktails_format_03,0.12,0,color2,12,cell,color2,str,,,,,,,,
cocktails_format_03,0.13,0,mixing_ice,13,cell,mixing_ice,str,,,,,,,,
cocktails_format_03,0.14,0,serving_ice,14,cell,serving_ice,str,,,,,,,,
cocktails_format_03,0.15,0,tags,15,children,,,CocktailTags,tags,list,,,,,
cocktails_format_03,0.16,0,flavor,16,object,,,,,,,,,,
cocktails_format_03,0.16.0,0.16,ko,0,cell,flavor.ko,str,,,,,,,,
cocktails_format_03,0.16.1,0.16,en,1,cell,flavor.en,str,,,,,,,,
cocktails_format_03,0.17,0,recipe_desc,17,object,,,,,,,,,,
cocktails_format_03,0.17.0,0.17,ko,0,cell,recipe_desc.ko,str,,,,,,,,
cocktails_format_03,0.17.1,0.17,en,1,cell,recipe_desc.en,str,,,,,,,,
cocktails_format_03,0.18,0,unlock_day,18,cell,unlock_day,int,,,,,,,,
cocktails_format_03,0.19,0,unlock_when,19,cell,unlock_when,NoneType,,,,,,,,
cocktails_format_03,0.20,0,time_limit_sec,20,cell,time_limit_sec,int,,,,,,,,
cocktails_format_03,0.21,0,recipe,21,children,,,Recipes,recipe,list,,,,,
cocktails_format_03,0.22,0,sprite,22,cell,sprite,str,,,,,,,,
cocktails_format_03,0.23,0,serve_sprite,23,cell,serve_sprite,str,,,,,,,,
cutscenes_format_01,0,,,0,object,,,,,,,,,,Cutscenes
cutscenes_format_01,0.0,0,id,0,cell,id,str,,,,,,,,
cutscenes_format_01,0.1,0,kind,1,cell,kind,str,,,,,,,,
cutscenes_format_01,0.2,0,resource_key,2,cell,resource_key,str,,,,,,,,
cutscenes_format_01,0.3,0,note,3,cell,note,str,,,,,,,,
days_format_01,0,,,0,object,,,,,,,,,,Days
days_format_01,0.0,0,day,0,cell,day,int,,,,,,,,
days_format_01,0.1,0,start_phase,1,cell,start_phase,str,,,,,,,,
days_format_01,0.2,0,bgm_street,2,cell,bgm_street,str,,,,,,,,
days_format_01,0.3,0,bgm_bar,3,cell,bgm_bar,str,,,,,,,,
days_format_01,0.4,0,upkeep_gold,4,cell,upkeep_gold,int,,,,,,,,
days_format_01,0.5,0,note,5,cell,note,str,,,,,,,,
days_format_01,0.6,0,label,6,object,,,,,,,,,,
days_format_01,0.6.0,0.6,ko,0,cell,label.ko,str,,,,,,,,
days_format_01,0.6.1,0.6,en,1,cell,label.en,str,,,,,,,,
dossier_format_01,0,,,0,object,,,,,,,,,,Dossier
dossier_format_01,0.0,0,character_id,0,cell,character_id,str,,,,,,,,
dossier_format_01,0.1,0,min_affinity,1,cell,min_affinity,int,,,,,,,,
dossier_format_01,0.2,0,kind,2,cell,kind,str,,,,,,,,
dossier_format_01,0.3,0,when,3,cell,when,NoneType,,,,,,,,
dossier_format_01,0.4,0,text,4,object,,,,,,,,,,
dossier_format_01,0.4.0,0.4,ko,0,cell,text.ko,str,,,,,,,,
dossier_format_01,0.4.1,0.4,en,1,cell,text.en,str,,,,,,,,
dossier_format_02,0,,,0,object,,,,,,,,,,Dossier
dossier_format_02,0.0,0,character_id,0,cell,character_id,str,,,,,,,,
dossier_format_02,0.1,0,min_affinity,1,cell,min_affinity,int,,,,,,,,
dossier_format_02,0.2,0,kind,2,cell,kind,str,,,,,,,,
dossier_format_02,0.3,0,when,3,cell,when,str,,,,,,,,
dossier_format_02,0.4,0,text,4,object,,,,,,,,,,
dossier_format_02,0.4.0,0.4,ko,0,cell,text.ko,str,,,,,,,,
dossier_format_02,0.4.1,0.4,en,1,cell,text.en,str,,,,,,,,
endings_format_01,0,,,0,object,,,,,,,,,,Endings
endings_format_01,0.0,0,priority,0,cell,priority,int,,,,,,,,
endings_format_01,0.1,0,id,1,cell,id,str,,,,,,,,
endings_format_01,0.2,0,when,2,cell,when,str,,,,,,,,
endings_format_01,0.3,0,scene_id,3,cell,scene_id,str,,,,,,,,
endings_format_01,0.4,0,note,4,cell,note,str,,,,,,,,
endings_format_02,0,,,0,object,,,,,,,,,,Endings
endings_format_02,0.0,0,priority,0,cell,priority,int,,,,,,,,
endings_format_02,0.1,0,id,1,cell,id,str,,,,,,,,
endings_format_02,0.2,0,when,2,cell,when,NoneType,,,,,,,,
endings_format_02,0.3,0,scene_id,3,cell,scene_id,str,,,,,,,,
endings_format_02,0.4,0,note,4,cell,note,str,,,,,,,,
field_animations_format_01,0,,,0,object,,,,,,,,,,FieldAnimations
field_animations_format_01,0.0,0,character_id,0,cell,character_id,str,,,,,,,,
field_animations_format_01,0.1,0,action,1,cell,action,str,,,,,,,,
field_animations_format_01,0.2,0,resource_key,2,cell,resource_key,str,,,,,,,,
field_animations_format_01,0.3,0,status,3,cell,status,str,,,,,,,,
field_animations_format_01,0.4,0,note,4,cell,note,str,,,,,,,,
guest_parts_format_01,0,,,0,object,,,,,,,,,,GuestParts
guest_parts_format_01,0.0,0,id,0,cell,id,str,,,,,,,,
guest_parts_format_01,0.1,0,gender,1,cell,gender,str,,,,,,,,
guest_parts_format_01,0.2,0,personalities,2,children,,,GuestPersonalities,personalities,list,,,,,
guest_parts_format_01,0.3,0,mode,3,cell,mode,str,,,,,,,,
guest_parts_format_01,0.4,0,sprite,4,cell,sprite,str,,,,,,,,
guest_parts_format_01,0.5,0,emotions,5,cell,emotions,NoneType,,,,,,,,
guest_parts_format_01,0.6,0,parts,6,cell,parts,NoneType,,,,,,,,
guest_parts_format_01,0.7,0,weight,7,cell,weight,int,,,,,,,,
guest_exclusions_format_01,0,,,0,object,,,,,,,,,,GuestExclusions
guest_exclusions_format_01,0.0,0,a,0,cell,a,str,,,,,,,,
guest_exclusions_format_01,0.1,0,b,1,cell,b,str,,,,,,,,
guest_settings_format_01,0,,,0,object,,,,,,,,,,GuestSettings
guest_settings_format_01,0.0,0,bodies,0,children,,,GuestParts,bodies,list,,,,,
guest_settings_format_01,0.1,0,outfits,1,children,,,GuestParts,outfits,list,,,,,
guest_settings_format_01,0.2,0,outerwears,2,children,,,GuestParts,outerwears,list,,,,,
guest_settings_format_01,0.3,0,necklaces,3,children,,,GuestParts,necklaces,list,,,,,
guest_settings_format_01,0.4,0,eyes,4,children,,,GuestParts,eyes,list,,,,,
guest_settings_format_01,0.5,0,eyebrows,5,children,,,GuestParts,eyebrows,list,,,,,
guest_settings_format_01,0.6,0,mouths,6,children,,,GuestParts,mouths,list,,,,,
guest_settings_format_01,0.7,0,hairs,7,children,,,GuestParts,hairs,list,,,,,
guest_settings_format_01,0.8,0,arm_accessories,8,children,,,GuestParts,arm_accessories,list,,,,,
guest_settings_format_01,0.9,0,defaults,9,object,,,,,,,,,,
guest_settings_format_01,0.9.0,0.9,m,0,object,,,,,,,,,,
guest_settings_format_01,0.9.0.0,0.9.0,body,0,cell,defaults.m.body,str,,,,,,,,
guest_settings_format_01,0.9.0.1,0.9.0,outfit,1,cell,defaults.m.outfit,str,,,,,,,,
guest_settings_format_01,0.9.0.2,0.9.0,eyes,2,cell,defaults.m.eyes,str,,,,,,,,
guest_settings_format_01,0.9.0.3,0.9.0,eyebrows,3,cell,defaults.m.eyebrows,str,,,,,,,,
guest_settings_format_01,0.9.0.4,0.9.0,mouth,4,cell,defaults.m.mouth,str,,,,,,,,
guest_settings_format_01,0.9.0.5,0.9.0,hair,5,cell,defaults.m.hair,str,,,,,,,,
guest_settings_format_01,0.9.0.6,0.9.0,outerwear,6,cell,defaults.m.outerwear,NoneType,,,,,,,,
guest_settings_format_01,0.9.0.7,0.9.0,necklace,7,cell,defaults.m.necklace,NoneType,,,,,,,,
guest_settings_format_01,0.9.0.8,0.9.0,arm_accessory,8,cell,defaults.m.arm_accessory,NoneType,,,,,,,,
guest_settings_format_01,0.9.1,0.9,f,1,object,,,,,,,,,,
guest_settings_format_01,0.9.1.0,0.9.1,body,0,cell,defaults.f.body,str,,,,,,,,
guest_settings_format_01,0.9.1.1,0.9.1,outfit,1,cell,defaults.f.outfit,str,,,,,,,,
guest_settings_format_01,0.9.1.2,0.9.1,eyes,2,cell,defaults.f.eyes,str,,,,,,,,
guest_settings_format_01,0.9.1.3,0.9.1,eyebrows,3,cell,defaults.f.eyebrows,str,,,,,,,,
guest_settings_format_01,0.9.1.4,0.9.1,mouth,4,cell,defaults.f.mouth,str,,,,,,,,
guest_settings_format_01,0.9.1.5,0.9.1,hair,5,cell,defaults.f.hair,str,,,,,,,,
guest_settings_format_01,0.9.1.6,0.9.1,outerwear,6,cell,defaults.f.outerwear,NoneType,,,,,,,,
guest_settings_format_01,0.9.1.7,0.9.1,necklace,7,cell,defaults.f.necklace,NoneType,,,,,,,,
guest_settings_format_01,0.9.1.8,0.9.1,arm_accessory,8,cell,defaults.f.arm_accessory,NoneType,,,,,,,,
guest_settings_format_01,0.10,0,exclusions,10,children,,,GuestExclusions,exclusions,list,,,,,
interact_points_format_01,0,,,0,object,,,,,,,,,,InteractPoints
interact_points_format_01,0.0,0,id,0,cell,id,str,,,,,,,,
interact_points_format_01,0.1,0,kind,1,cell,kind,str,,,,,,,,
interact_points_format_01,0.2,0,source_id,2,cell,source_id,str,,,,,,,,
interact_points_format_01,0.3,0,spot_id,3,cell,spot_id,str,,,,,,,,
interact_points_format_01,0.4,0,facing,4,cell,facing,NoneType,,,,,,,,
interact_points_format_01,0.5,0,phase,5,cell,phase,str,,,,,,,,
interact_points_format_01,0.6,0,spawn_when,6,cell,spawn_when,NoneType,,,,,,,,
interact_points_format_01,0.7,0,activation_mode,7,cell,activation_mode,str,,,,,,,,
interact_points_format_01,0.8,0,interact_when,8,cell,interact_when,NoneType,,,,,,,,
interact_points_format_01,0.9,0,priority,9,cell,priority,int,,,,,,,,
interact_points_format_01,0.10,0,action_type,10,cell,action_type,str,,,,,,,,
interact_points_format_01,0.11,0,action_ref,11,cell,action_ref,str,,,,,,,,
interact_points_format_01,0.12,0,note,12,cell,note,str,,,,,,,,
dialogue_flows_format_01,0,,,0,object,,,,,,,,,,DialogueFlows
dialogue_flows_format_01,0.0,0,scene_id,0,cell,scene_id,str,,,,,,,,
dialogue_flows_format_01,0.1,0,day,1,cell,day,int,,,,,,,,
dialogue_flows_format_01,0.2,0,flow_seq,2,cell,flow_seq,int,,,,,,,,
dialogue_flows_format_01,0.3,0,play_type,3,cell,play_type,str,,,,,,,,
dialogue_flows_format_01,0.4,0,when,4,cell,when,NoneType,,,,,,,,
interact_points_format_02,0,,,0,object,,,,,,,,,,InteractPoints
interact_points_format_02,0.0,0,id,0,cell,id,str,,,,,,,,
interact_points_format_02,0.1,0,kind,1,cell,kind,str,,,,,,,,
interact_points_format_02,0.2,0,source_id,2,cell,source_id,str,,,,,,,,
interact_points_format_02,0.3,0,spot_id,3,cell,spot_id,str,,,,,,,,
interact_points_format_02,0.4,0,facing,4,cell,facing,NoneType,,,,,,,,
interact_points_format_02,0.5,0,phase,5,cell,phase,str,,,,,,,,
interact_points_format_02,0.6,0,spawn_when,6,cell,spawn_when,str,,,,,,,,
interact_points_format_02,0.7,0,activation_mode,7,cell,activation_mode,str,,,,,,,,
interact_points_format_02,0.8,0,interact_when,8,cell,interact_when,NoneType,,,,,,,,
interact_points_format_02,0.9,0,priority,9,cell,priority,int,,,,,,,,
interact_points_format_02,0.10,0,action_type,10,cell,action_type,str,,,,,,,,
interact_points_format_02,0.11,0,note,11,cell,note,str,,,,,,,,
interact_points_format_02,0.12,0,dialogue_flows,12,children,,,DialogueFlows,dialogue_flows,list,,,,,
interact_points_format_03,0,,,0,object,,,,,,,,,,InteractPoints
interact_points_format_03,0.0,0,id,0,cell,id,str,,,,,,,,
interact_points_format_03,0.1,0,kind,1,cell,kind,str,,,,,,,,
interact_points_format_03,0.2,0,source_id,2,cell,source_id,str,,,,,,,,
interact_points_format_03,0.3,0,spot_id,3,cell,spot_id,str,,,,,,,,
interact_points_format_03,0.4,0,facing,4,cell,facing,str,,,,,,,,
interact_points_format_03,0.5,0,phase,5,cell,phase,str,,,,,,,,
interact_points_format_03,0.6,0,spawn_when,6,cell,spawn_when,str,,,,,,,,
interact_points_format_03,0.7,0,activation_mode,7,cell,activation_mode,str,,,,,,,,
interact_points_format_03,0.8,0,interact_when,8,cell,interact_when,str,,,,,,,,
interact_points_format_03,0.9,0,priority,9,cell,priority,int,,,,,,,,
interact_points_format_03,0.10,0,action_type,10,cell,action_type,str,,,,,,,,
interact_points_format_03,0.11,0,note,11,cell,note,str,,,,,,,,
interact_points_format_03,0.12,0,dialogue_flows,12,children,,,DialogueFlows,dialogue_flows,list,,,,,
dialogue_flows_format_02,0,,,0,object,,,,,,,,,,DialogueFlows
dialogue_flows_format_02,0.0,0,scene_id,0,cell,scene_id,str,,,,,,,,
dialogue_flows_format_02,0.1,0,day,1,cell,day,NoneType,,,,,,,,
dialogue_flows_format_02,0.2,0,flow_seq,2,cell,flow_seq,int,,,,,,,,
dialogue_flows_format_02,0.3,0,play_type,3,cell,play_type,str,,,,,,,,
dialogue_flows_format_02,0.4,0,when,4,cell,when,NoneType,,,,,,,,
dialogue_flows_format_03,0,,,0,object,,,,,,,,,,DialogueFlows
dialogue_flows_format_03,0.0,0,scene_id,0,cell,scene_id,str,,,,,,,,
dialogue_flows_format_03,0.1,0,day,1,cell,day,NoneType,,,,,,,,
dialogue_flows_format_03,0.2,0,flow_seq,2,cell,flow_seq,int,,,,,,,,
dialogue_flows_format_03,0.3,0,play_type,3,cell,play_type,str,,,,,,,,
dialogue_flows_format_03,0.4,0,when,4,cell,when,str,,,,,,,,
interact_points_format_04,0,,,0,object,,,,,,,,,,InteractPoints
interact_points_format_04,0.0,0,id,0,cell,id,str,,,,,,,,
interact_points_format_04,0.1,0,kind,1,cell,kind,str,,,,,,,,
interact_points_format_04,0.2,0,source_id,2,cell,source_id,str,,,,,,,,
interact_points_format_04,0.3,0,spot_id,3,cell,spot_id,str,,,,,,,,
interact_points_format_04,0.4,0,facing,4,cell,facing,str,,,,,,,,
interact_points_format_04,0.5,0,phase,5,cell,phase,str,,,,,,,,
interact_points_format_04,0.6,0,spawn_when,6,cell,spawn_when,str,,,,,,,,
interact_points_format_04,0.7,0,activation_mode,7,cell,activation_mode,str,,,,,,,,
interact_points_format_04,0.8,0,interact_when,8,cell,interact_when,NoneType,,,,,,,,
interact_points_format_04,0.9,0,priority,9,cell,priority,int,,,,,,,,
interact_points_format_04,0.10,0,action_type,10,cell,action_type,str,,,,,,,,
interact_points_format_04,0.11,0,note,11,cell,note,str,,,,,,,,
interact_points_format_04,0.12,0,dialogue_flows,12,children,,,DialogueFlows,dialogue_flows,list,,,,,
interact_points_format_05,0,,,0,object,,,,,,,,,,InteractPoints
interact_points_format_05,0.0,0,id,0,cell,id,str,,,,,,,,
interact_points_format_05,0.1,0,kind,1,cell,kind,str,,,,,,,,
interact_points_format_05,0.2,0,source_id,2,cell,source_id,str,,,,,,,,
interact_points_format_05,0.3,0,spot_id,3,cell,spot_id,str,,,,,,,,
interact_points_format_05,0.4,0,facing,4,cell,facing,NoneType,,,,,,,,
interact_points_format_05,0.5,0,phase,5,cell,phase,str,,,,,,,,
interact_points_format_05,0.6,0,spawn_when,6,cell,spawn_when,NoneType,,,,,,,,
interact_points_format_05,0.7,0,activation_mode,7,cell,activation_mode,str,,,,,,,,
interact_points_format_05,0.8,0,interact_when,8,cell,interact_when,str,,,,,,,,
interact_points_format_05,0.9,0,priority,9,cell,priority,int,,,,,,,,
interact_points_format_05,0.10,0,action_type,10,cell,action_type,str,,,,,,,,
interact_points_format_05,0.11,0,note,11,cell,note,str,,,,,,,,
interact_points_format_05,0.12,0,dialogue_flows,12,children,,,DialogueFlows,dialogue_flows,list,,,,,
interact_points_format_06,0,,,0,object,,,,,,,,,,InteractPoints
interact_points_format_06,0.0,0,id,0,cell,id,str,,,,,,,,
interact_points_format_06,0.1,0,kind,1,cell,kind,str,,,,,,,,
interact_points_format_06,0.2,0,source_id,2,cell,source_id,str,,,,,,,,
interact_points_format_06,0.3,0,spot_id,3,cell,spot_id,str,,,,,,,,
interact_points_format_06,0.4,0,facing,4,cell,facing,NoneType,,,,,,,,
interact_points_format_06,0.5,0,phase,5,cell,phase,str,,,,,,,,
interact_points_format_06,0.6,0,spawn_when,6,cell,spawn_when,str,,,,,,,,
interact_points_format_06,0.7,0,activation_mode,7,cell,activation_mode,str,,,,,,,,
interact_points_format_06,0.8,0,interact_when,8,cell,interact_when,NoneType,,,,,,,,
interact_points_format_06,0.9,0,priority,9,cell,priority,int,,,,,,,,
interact_points_format_06,0.10,0,action_type,10,cell,action_type,str,,,,,,,,
interact_points_format_06,0.11,0,action_ref,11,cell,action_ref,str,,,,,,,,
interact_points_format_06,0.12,0,note,12,cell,note,str,,,,,,,,
order_rules_format_01,0,,,0,object,,,,,,,,,,OrderRules
order_rules_format_01,0.0,0,order_id,0,cell,order_id,str,,,,,,,,
order_rules_format_01,0.1,0,seq,1,cell,seq,int,,,,,,,,
order_rules_format_01,0.2,0,when,2,cell,when,str,,,,,,,,
order_rules_format_01,0.3,0,verdict,3,cell,verdict,str,,,,,,,,
order_rules_format_01,0.4,0,effects,4,cell,effects,str,,,,,,,,
order_rules_format_01,0.5,0,react,5,cell,react,NoneType,,,,,,,,
order_rules_format_01,0.6,0,note,6,cell,note,str,,,,,,,,
order_rules_format_02,0,,,0,object,,,,,,,,,,OrderRules
order_rules_format_02,0.0,0,order_id,0,cell,order_id,str,,,,,,,,
order_rules_format_02,0.1,0,seq,1,cell,seq,int,,,,,,,,
order_rules_format_02,0.2,0,when,2,cell,when,str,,,,,,,,
order_rules_format_02,0.3,0,verdict,3,cell,verdict,str,,,,,,,,
order_rules_format_02,0.4,0,effects,4,cell,effects,NoneType,,,,,,,,
order_rules_format_02,0.5,0,react,5,cell,react,NoneType,,,,,,,,
order_rules_format_02,0.6,0,note,6,cell,note,str,,,,,,,,
order_rules_format_03,0,,,0,object,,,,,,,,,,OrderRules
order_rules_format_03,0.0,0,order_id,0,cell,order_id,str,,,,,,,,
order_rules_format_03,0.1,0,seq,1,cell,seq,int,,,,,,,,
order_rules_format_03,0.2,0,when,2,cell,when,NoneType,,,,,,,,
order_rules_format_03,0.3,0,verdict,3,cell,verdict,str,,,,,,,,
order_rules_format_03,0.4,0,effects,4,cell,effects,NoneType,,,,,,,,
order_rules_format_03,0.5,0,react,5,cell,react,NoneType,,,,,,,,
order_rules_format_03,0.6,0,note,6,cell,note,str,,,,,,,,
personalities_format_01,0,,,0,object,,,,,,,,,,Personalities
personalities_format_01,0.0,0,id,0,cell,id,str,,,,,,,,
personalities_format_01,0.1,0,name,1,object,,,,,,,,,,
personalities_format_01,0.1.0,0.1,ko,0,cell,name.ko,str,,,,,,,,
personalities_format_01,0.1.1,0.1,en,1,cell,name.en,str,,,,,,,,
personalities_format_01,0.2,0,tip_mult,2,cell,tip_mult,float,,,,,,,,
personalities_format_01,0.3,0,patience_mult,3,cell,patience_mult,float,,,,,,,,
personalities_format_01,0.4,0,think_chance,4,cell,think_chance,float,,,,,,,,
interact_points_format_07,0,,,0,object,,,,,,,,,,InteractPoints
interact_points_format_07,0.0,0,id,0,cell,id,str,,,,,,,,
interact_points_format_07,0.1,0,kind,1,cell,kind,str,,,,,,,,
interact_points_format_07,0.2,0,source_id,2,cell,source_id,str,,,,,,,,
interact_points_format_07,0.3,0,spot_id,3,cell,spot_id,str,,,,,,,,
interact_points_format_07,0.4,0,facing,4,cell,facing,NoneType,,,,,,,,
interact_points_format_07,0.5,0,phase,5,cell,phase,str,,,,,,,,
interact_points_format_07,0.6,0,spawn_when,6,cell,spawn_when,str,,,,,,,,
interact_points_format_07,0.7,0,activation_mode,7,cell,activation_mode,str,,,,,,,,
interact_points_format_07,0.8,0,interact_when,8,cell,interact_when,str,,,,,,,,
interact_points_format_07,0.9,0,priority,9,cell,priority,int,,,,,,,,
interact_points_format_07,0.10,0,action_type,10,cell,action_type,str,,,,,,,,
interact_points_format_07,0.11,0,note,11,cell,note,str,,,,,,,,
interact_points_format_07,0.12,0,dialogue_flows,12,children,,,DialogueFlows,dialogue_flows,list,,,,,
interact_points_format_08,0,,,0,object,,,,,,,,,,InteractPoints
interact_points_format_08,0.0,0,id,0,cell,id,str,,,,,,,,
interact_points_format_08,0.1,0,kind,1,cell,kind,str,,,,,,,,
interact_points_format_08,0.2,0,source_id,2,cell,source_id,str,,,,,,,,
interact_points_format_08,0.3,0,spot_id,3,cell,spot_id,str,,,,,,,,
interact_points_format_08,0.4,0,facing,4,cell,facing,NoneType,,,,,,,,
interact_points_format_08,0.5,0,phase,5,cell,phase,str,,,,,,,,
interact_points_format_08,0.6,0,spawn_when,6,cell,spawn_when,str,,,,,,,,
interact_points_format_08,0.7,0,activation_mode,7,cell,activation_mode,str,,,,,,,,
interact_points_format_08,0.8,0,interact_when,8,cell,interact_when,NoneType,,,,,,,,
interact_points_format_08,0.9,0,priority,9,cell,priority,int,,,,,,,,
interact_points_format_08,0.10,0,action_type,10,cell,action_type,NoneType,,,,,,,,
interact_points_format_08,0.11,0,note,11,cell,note,str,,,,,,,,
random_waves_format_01,0,,,0,object,,,,,,,,,,RandomWaves
random_waves_format_01,0.0,0,day,0,cell,day,int,,,,,,,,
random_waves_format_01,0.1,0,seq,1,cell,seq,int,,,,,,,,
random_waves_format_01,0.2,0,order,2,cell,order,NoneType,,,,,,,,
random_waves_format_01,0.3,0,personality,3,cell,personality,str,,,,,,,,
random_waves_format_01,0.4,0,delay_sec,4,cell,delay_sec,int,,,,,,,,
random_waves_format_01,0.5,0,max_rounds,5,cell,max_rounds,int,,,,,,,,
random_waves_format_01,0.6,0,branch_choice,6,cell,branch_choice,bool,,,,,,,,
random_waves_format_02,0,,,0,object,,,,,,,,,,RandomWaves
random_waves_format_02,0.0,0,day,0,cell,day,int,,,,,,,,
random_waves_format_02,0.1,0,seq,1,cell,seq,int,,,,,,,,
random_waves_format_02,0.2,0,order,2,cell,order,str,,,,,,,,
random_waves_format_02,0.3,0,personality,3,cell,personality,str,,,,,,,,
random_waves_format_02,0.4,0,delay_sec,4,cell,delay_sec,int,,,,,,,,
random_waves_format_02,0.5,0,max_rounds,5,cell,max_rounds,int,,,,,,,,
random_waves_format_02,0.6,0,branch_choice,6,cell,branch_choice,bool,,,,,,,,
regular_slots_format_01,0,,,0,object,,,,,,,,,,RegularSlots
regular_slots_format_01,0.0,0,day,0,cell,day,int,,,,,,,,
regular_slots_format_01,0.1,0,seq,1,cell,seq,int,,,,,,,,
regular_slots_format_01,0.2,0,character,2,cell,character,str,,,,,,,,
regular_slots_format_01,0.3,0,order,3,cell,order,str,,,,,,,,
regular_slots_format_01,0.4,0,delay_sec,4,cell,delay_sec,int,,,,,,,,
regular_slots_format_01,0.5,0,max_rounds,5,cell,max_rounds,int,,,,,,,,
regular_slots_format_01,0.6,0,branch_choice,6,cell,branch_choice,bool,,,,,,,,
regular_slots_format_01,0.7,0,cameo_scene,7,cell,cameo_scene,NoneType,,,,,,,,
regular_slots_format_01,0.8,0,must_serve,8,cell,must_serve,bool,,,,,,,,
regular_slots_format_01,0.9,0,serve_effects,9,cell,serve_effects,str,,,,,,,,
steps_format_01,0,,,0,object,,,,,,,,,,Steps
steps_format_01,0.0,0,seq,0,cell,seq,int,,,,,,,,
steps_format_01,0.1,0,type,1,cell,type,str,,,,,,,,
steps_format_01,0.2,0,actor,2,cell,actor,str,,,,,,,,
steps_format_01,0.3,0,dialogue_id,3,cell,dialogue_id,NoneType,,,,,,,,
steps_format_01,0.4,0,arg,4,cell,arg,str,,,,,,,,
steps_format_01,0.5,0,text,5,cell,text,NoneType,,,,,,,,
steps_format_01,0.6,0,when,6,cell,when,NoneType,,,,,,,,
steps_format_01,0.7,0,effects,7,cell,effects,NoneType,,,,,,,,
steps_format_01,0.8,0,sync,8,cell,sync,str,,,,,,,,
steps_format_02,0,,,0,object,,,,,,,,,,Steps
steps_format_02,0.0,0,seq,0,cell,seq,int,,,,,,,,
steps_format_02,0.1,0,type,1,cell,type,str,,,,,,,,
steps_format_02,0.2,0,actor,2,cell,actor,str,,,,,,,,
steps_format_02,0.3,0,dialogue_id,3,cell,dialogue_id,str,,,,,,,,
steps_format_02,0.4,0,arg,4,cell,arg,str,,,,,,,,
steps_format_02,0.5,0,text,5,object,,,,,,,,,,
steps_format_02,0.5.0,0.5,ko,0,cell,text.ko,str,,,,,,,,
steps_format_02,0.5.1,0.5,en,1,cell,text.en,str,,,,,,,,
steps_format_02,0.6,0,when,6,cell,when,NoneType,,,,,,,,
steps_format_02,0.7,0,effects,7,cell,effects,NoneType,,,,,,,,
steps_format_02,0.8,0,sync,8,cell,sync,str,,,,,,,,
steps_format_03,0,,,0,object,,,,,,,,,,Steps
steps_format_03,0.0,0,seq,0,cell,seq,int,,,,,,,,
steps_format_03,0.1,0,type,1,cell,type,str,,,,,,,,
steps_format_03,0.2,0,actor,2,cell,actor,NoneType,,,,,,,,
steps_format_03,0.3,0,dialogue_id,3,cell,dialogue_id,NoneType,,,,,,,,
steps_format_03,0.4,0,arg,4,cell,arg,str,,,,,,,,
steps_format_03,0.5,0,text,5,cell,text,NoneType,,,,,,,,
steps_format_03,0.6,0,when,6,cell,when,NoneType,,,,,,,,
steps_format_03,0.7,0,effects,7,cell,effects,NoneType,,,,,,,,
steps_format_03,0.8,0,sync,8,cell,sync,str,,,,,,,,
steps_format_04,0,,,0,object,,,,,,,,,,Steps
steps_format_04,0.0,0,seq,0,cell,seq,int,,,,,,,,
steps_format_04,0.1,0,type,1,cell,type,str,,,,,,,,
steps_format_04,0.2,0,actor,2,cell,actor,str,,,,,,,,
steps_format_04,0.3,0,dialogue_id,3,cell,dialogue_id,NoneType,,,,,,,,
steps_format_04,0.4,0,arg,4,cell,arg,NoneType,,,,,,,,
steps_format_04,0.5,0,text,5,cell,text,NoneType,,,,,,,,
steps_format_04,0.6,0,when,6,cell,when,NoneType,,,,,,,,
steps_format_04,0.7,0,effects,7,cell,effects,NoneType,,,,,,,,
steps_format_04,0.8,0,sync,8,cell,sync,str,,,,,,,,
steps_format_05,0,,,0,object,,,,,,,,,,Steps
steps_format_05,0.0,0,seq,0,cell,seq,int,,,,,,,,
steps_format_05,0.1,0,type,1,cell,type,str,,,,,,,,
steps_format_05,0.2,0,actor,2,cell,actor,str,,,,,,,,
steps_format_05,0.3,0,dialogue_id,3,cell,dialogue_id,str,,,,,,,,
steps_format_05,0.4,0,arg,4,cell,arg,str,,,,,,,,
steps_format_05,0.5,0,text,5,object,,,,,,,,,,
steps_format_05,0.5.0,0.5,ko,0,cell,text.ko,str,,,,,,,,
steps_format_05,0.5.1,0.5,en,1,cell,text.en,str,,,,,,,,
steps_format_05,0.6,0,when,6,cell,when,str,,,,,,,,
steps_format_05,0.7,0,effects,7,cell,effects,NoneType,,,,,,,,
steps_format_05,0.8,0,sync,8,cell,sync,str,,,,,,,,
steps_format_06,0,,,0,object,,,,,,,,,,Steps
steps_format_06,0.0,0,seq,0,cell,seq,int,,,,,,,,
steps_format_06,0.1,0,type,1,cell,type,str,,,,,,,,
steps_format_06,0.2,0,actor,2,cell,actor,str,,,,,,,,
steps_format_06,0.3,0,dialogue_id,3,cell,dialogue_id,str,,,,,,,,
steps_format_06,0.4,0,arg,4,cell,arg,str,,,,,,,,
steps_format_06,0.5,0,text,5,object,,,,,,,,,,
steps_format_06,0.5.0,0.5,ko,0,cell,text.ko,str,,,,,,,,
steps_format_06,0.5.1,0.5,en,1,cell,text.en,str,,,,,,,,
steps_format_06,0.6,0,when,6,cell,when,str,,,,,,,,
steps_format_06,0.7,0,effects,7,cell,effects,str,,,,,,,,
steps_format_06,0.8,0,sync,8,cell,sync,str,,,,,,,,
steps_format_07,0,,,0,object,,,,,,,,,,Steps
steps_format_07,0.0,0,seq,0,cell,seq,int,,,,,,,,
steps_format_07,0.1,0,type,1,cell,type,str,,,,,,,,
steps_format_07,0.2,0,actor,2,cell,actor,NoneType,,,,,,,,
steps_format_07,0.3,0,dialogue_id,3,cell,dialogue_id,NoneType,,,,,,,,
steps_format_07,0.4,0,arg,4,cell,arg,str,,,,,,,,
steps_format_07,0.5,0,text,5,cell,text,NoneType,,,,,,,,
steps_format_07,0.6,0,when,6,cell,when,str,,,,,,,,
steps_format_07,0.7,0,effects,7,cell,effects,NoneType,,,,,,,,
steps_format_07,0.8,0,sync,8,cell,sync,str,,,,,,,,
steps_format_08,0,,,0,object,,,,,,,,,,Steps
steps_format_08,0.0,0,seq,0,cell,seq,int,,,,,,,,
steps_format_08,0.1,0,type,1,cell,type,str,,,,,,,,
steps_format_08,0.2,0,actor,2,cell,actor,str,,,,,,,,
steps_format_08,0.3,0,dialogue_id,3,cell,dialogue_id,NoneType,,,,,,,,
steps_format_08,0.4,0,arg,4,cell,arg,NoneType,,,,,,,,
steps_format_08,0.5,0,text,5,cell,text,NoneType,,,,,,,,
steps_format_08,0.6,0,when,6,cell,when,str,,,,,,,,
steps_format_08,0.7,0,effects,7,cell,effects,str,,,,,,,,
steps_format_08,0.8,0,sync,8,cell,sync,str,,,,,,,,
steps_format_09,0,,,0,object,,,,,,,,,,Steps
steps_format_09,0.0,0,seq,0,cell,seq,int,,,,,,,,
steps_format_09,0.1,0,type,1,cell,type,str,,,,,,,,
steps_format_09,0.2,0,actor,2,cell,actor,NoneType,,,,,,,,
steps_format_09,0.3,0,dialogue_id,3,cell,dialogue_id,NoneType,,,,,,,,
steps_format_09,0.4,0,arg,4,cell,arg,NoneType,,,,,,,,
steps_format_09,0.5,0,text,5,cell,text,NoneType,,,,,,,,
steps_format_09,0.6,0,when,6,cell,when,NoneType,,,,,,,,
steps_format_09,0.7,0,effects,7,cell,effects,NoneType,,,,,,,,
steps_format_09,0.8,0,sync,8,cell,sync,str,,,,,,,,
scenes_format_01,0,,,0,object,,,,,,,,,,Scenes
scenes_format_01,0.0,0,id,0,cell,id,str,,,,,,,,
scenes_format_01,0.1,0,day,1,cell,day,int,,,,,,,,
scenes_format_01,0.2,0,phase,2,cell,phase,str,,,,,,,,
scenes_format_01,0.3,0,seq,3,cell,seq,int,,,,,,,,
scenes_format_01,0.4,0,trigger,4,cell,trigger,str,,,,,,,,
scenes_format_01,0.5,0,when,5,cell,when,NoneType,,,,,,,,
scenes_format_01,0.6,0,title,6,cell,title,str,,,,,,,,
scenes_format_01,0.7,0,skippable,7,cell,skippable,bool,,,,,,,,
scenes_format_01,0.8,0,group,8,cell,group,NoneType,,,,,,,,
scenes_format_01,0.9,0,steps,9,children,,,Steps,steps,list,,,,,
script_files_format_01,0,,,0,object,,,,,,,,,,ScriptFiles
script_files_format_01,0.0,0,place,0,cell,place,str,,,,,,,,
script_files_format_01,0.1,0,scenes,1,children,,,Scenes,scenes,list,,,,,
script_files_format_01,0.2,0,choices,2,children,,,BarChoiceGroups,choices,dict,choice_group,,,,
steps_format_10,0,,,0,object,,,,,,,,,,Steps
steps_format_10,0.0,0,seq,0,cell,seq,int,,,,,,,,
steps_format_10,0.1,0,type,1,cell,type,str,,,,,,,,
steps_format_10,0.2,0,actor,2,cell,actor,NoneType,,,,,,,,
steps_format_10,0.3,0,dialogue_id,3,cell,dialogue_id,NoneType,,,,,,,,
steps_format_10,0.4,0,arg,4,cell,arg,NoneType,,,,,,,,
steps_format_10,0.5,0,text,5,cell,text,NoneType,,,,,,,,
steps_format_10,0.6,0,when,6,cell,when,str,,,,,,,,
steps_format_10,0.7,0,effects,7,cell,effects,str,,,,,,,,
steps_format_10,0.8,0,sync,8,cell,sync,str,,,,,,,,
steps_format_11,0,,,0,object,,,,,,,,,,Steps
steps_format_11,0.0,0,seq,0,cell,seq,int,,,,,,,,
steps_format_11,0.1,0,type,1,cell,type,str,,,,,,,,
steps_format_11,0.2,0,actor,2,cell,actor,str,,,,,,,,
steps_format_11,0.3,0,dialogue_id,3,cell,dialogue_id,NoneType,,,,,,,,
steps_format_11,0.4,0,arg,4,cell,arg,NoneType,,,,,,,,
steps_format_11,0.5,0,text,5,cell,text,NoneType,,,,,,,,
steps_format_11,0.6,0,when,6,cell,when,str,,,,,,,,
steps_format_11,0.7,0,effects,7,cell,effects,NoneType,,,,,,,,
steps_format_11,0.8,0,sync,8,cell,sync,str,,,,,,,,
bar_choices_format_01,0,,,0,object,,,,,,,,,,BarChoices
bar_choices_format_01,0.0,0,seq,0,cell,seq,int,,,,,,,,
bar_choices_format_01,0.1,0,text,1,object,,,,,,,,,,
bar_choices_format_01,0.1.0,0.1,ko,0,cell,text.ko,str,,,,,,,,
bar_choices_format_01,0.1.1,0.1,en,1,cell,text.en,str,,,,,,,,
bar_choices_format_01,0.2,0,when,2,cell,when,NoneType,,,,,,,,
bar_choices_format_01,0.3,0,effects,3,cell,effects,NoneType,,,,,,,,
bar_choices_format_01,0.4,0,goto,4,cell,goto,str,,,,,,,,
bar_choices_format_01,0.5,0,lock_reason,5,cell,lock_reason,NoneType,,,,,,,,
bar_choices_format_02,0,,,0,object,,,,,,,,,,BarChoices
bar_choices_format_02,0.0,0,seq,0,cell,seq,int,,,,,,,,
bar_choices_format_02,0.1,0,text,1,object,,,,,,,,,,
bar_choices_format_02,0.1.0,0.1,ko,0,cell,text.ko,str,,,,,,,,
bar_choices_format_02,0.1.1,0.1,en,1,cell,text.en,str,,,,,,,,
bar_choices_format_02,0.2,0,when,2,cell,when,NoneType,,,,,,,,
bar_choices_format_02,0.3,0,effects,3,cell,effects,NoneType,,,,,,,,
bar_choices_format_02,0.4,0,goto,4,cell,goto,NoneType,,,,,,,,
bar_choices_format_02,0.5,0,lock_reason,5,cell,lock_reason,NoneType,,,,,,,,
bar_choice_groups_format_01,0,,,0,children,,,BarChoices,value,list,,,,choice_group,BarChoiceGroups
steps_format_12,0,,,0,object,,,,,,,,,,Steps
steps_format_12,0.0,0,seq,0,cell,seq,int,,,,,,,,
steps_format_12,0.1,0,type,1,cell,type,str,,,,,,,,
steps_format_12,0.2,0,actor,2,cell,actor,NoneType,,,,,,,,
steps_format_12,0.3,0,dialogue_id,3,cell,dialogue_id,NoneType,,,,,,,,
steps_format_12,0.4,0,arg,4,cell,arg,NoneType,,,,,,,,
steps_format_12,0.5,0,text,5,cell,text,NoneType,,,,,,,,
steps_format_12,0.6,0,when,6,cell,when,NoneType,,,,,,,,
steps_format_12,0.7,0,effects,7,cell,effects,str,,,,,,,,
steps_format_12,0.8,0,sync,8,cell,sync,str,,,,,,,,
bar_choices_format_03,0,,,0,object,,,,,,,,,,BarChoices
bar_choices_format_03,0.0,0,seq,0,cell,seq,int,,,,,,,,
bar_choices_format_03,0.1,0,text,1,object,,,,,,,,,,
bar_choices_format_03,0.1.0,0.1,ko,0,cell,text.ko,str,,,,,,,,
bar_choices_format_03,0.1.1,0.1,en,1,cell,text.en,str,,,,,,,,
bar_choices_format_03,0.2,0,when,2,cell,when,NoneType,,,,,,,,
bar_choices_format_03,0.3,0,effects,3,cell,effects,str,,,,,,,,
bar_choices_format_03,0.4,0,goto,4,cell,goto,str,,,,,,,,
bar_choices_format_03,0.5,0,lock_reason,5,cell,lock_reason,NoneType,,,,,,,,
bar_choices_format_04,0,,,0,object,,,,,,,,,,BarChoices
bar_choices_format_04,0.0,0,seq,0,cell,seq,int,,,,,,,,
bar_choices_format_04,0.1,0,text,1,object,,,,,,,,,,
bar_choices_format_04,0.1.0,0.1,ko,0,cell,text.ko,str,,,,,,,,
bar_choices_format_04,0.1.1,0.1,en,1,cell,text.en,str,,,,,,,,
bar_choices_format_04,0.2,0,when,2,cell,when,str,,,,,,,,
bar_choices_format_04,0.3,0,effects,3,cell,effects,NoneType,,,,,,,,
bar_choices_format_04,0.4,0,goto,4,cell,goto,str,,,,,,,,
bar_choices_format_04,0.5,0,lock_reason,5,object,,,,,,,,,,
bar_choices_format_04,0.5.0,0.5,ko,0,cell,lock_reason.ko,str,,,,,,,,
bar_choices_format_04,0.5.1,0.5,en,1,cell,lock_reason.en,str,,,,,,,,
steps_format_13,0,,,0,object,,,,,,,,,,Steps
steps_format_13,0.0,0,seq,0,cell,seq,int,,,,,,,,
steps_format_13,0.1,0,type,1,cell,type,str,,,,,,,,
steps_format_13,0.2,0,actor,2,cell,actor,str,,,,,,,,
steps_format_13,0.3,0,arg,3,cell,arg,str,,,,,,,,
steps_format_13,0.4,0,text,4,object,,,,,,,,,,
steps_format_13,0.4.0,0.4,ko,0,cell,text.ko,str,,,,,,,,
steps_format_13,0.4.1,0.4,en,1,cell,text.en,str,,,,,,,,
steps_format_13,0.5,0,when,5,cell,when,NoneType,,,,,,,,
steps_format_13,0.6,0,effects,6,cell,effects,NoneType,,,,,,,,
steps_format_13,0.7,0,sync,7,cell,sync,str,,,,,,,,
steps_format_14,0,,,0,object,,,,,,,,,,Steps
steps_format_14,0.0,0,seq,0,cell,seq,int,,,,,,,,
steps_format_14,0.1,0,type,1,cell,type,str,,,,,,,,
steps_format_14,0.2,0,actor,2,cell,actor,str,,,,,,,,
steps_format_14,0.3,0,arg,3,cell,arg,str,,,,,,,,
steps_format_14,0.4,0,text,4,object,,,,,,,,,,
steps_format_14,0.4.0,0.4,ko,0,cell,text.ko,str,,,,,,,,
steps_format_14,0.4.1,0.4,en,1,cell,text.en,str,,,,,,,,
steps_format_14,0.5,0,when,5,cell,when,NoneType,,,,,,,,
steps_format_14,0.6,0,effects,6,cell,effects,str,,,,,,,,
steps_format_14,0.7,0,sync,7,cell,sync,str,,,,,,,,
scenes_format_02,0,,,0,object,,,,,,,,,,Scenes
scenes_format_02,0.0,0,id,0,cell,id,str,,,,,,,,
scenes_format_02,0.1,0,day,1,cell,day,int,,,,,,,,
scenes_format_02,0.2,0,phase,2,cell,phase,str,,,,,,,,
scenes_format_02,0.3,0,seq,3,cell,seq,int,,,,,,,,
scenes_format_02,0.4,0,trigger,4,cell,trigger,str,,,,,,,,
scenes_format_02,0.5,0,when,5,cell,when,str,,,,,,,,
scenes_format_02,0.6,0,title,6,cell,title,str,,,,,,,,
scenes_format_02,0.7,0,skippable,7,cell,skippable,bool,,,,,,,,
scenes_format_02,0.8,0,group,8,cell,group,str,,,,,,,,
scenes_format_02,0.9,0,steps,9,children,,,Steps,steps,list,,,,,
steps_format_15,0,,,0,object,,,,,,,,,,Steps
steps_format_15,0.0,0,seq,0,cell,seq,int,,,,,,,,
steps_format_15,0.1,0,type,1,cell,type,str,,,,,,,,
steps_format_15,0.2,0,actor,2,cell,actor,NoneType,,,,,,,,
steps_format_15,0.3,0,arg,3,cell,arg,NoneType,,,,,,,,
steps_format_15,0.4,0,text,4,cell,text,NoneType,,,,,,,,
steps_format_15,0.5,0,when,5,cell,when,NoneType,,,,,,,,
steps_format_15,0.6,0,effects,6,cell,effects,str,,,,,,,,
steps_format_15,0.7,0,sync,7,cell,sync,str,,,,,,,,
script_files_format_02,0,,,0,object,,,,,,,,,,ScriptFiles
script_files_format_02,0.0,0,day,0,cell,day,int,,,,,,,,
script_files_format_02,0.1,0,scenes,1,children,,,Scenes,scenes,list,,,,,
script_files_format_02,0.2,0,choices,2,children,,,BarChoiceGroups,choices,dict,choice_group,,,,
steps_format_16,0,,,0,object,,,,,,,,,,Steps
steps_format_16,0.0,0,seq,0,cell,seq,int,,,,,,,,
steps_format_16,0.1,0,type,1,cell,type,str,,,,,,,,
steps_format_16,0.2,0,actor,2,cell,actor,str,,,,,,,,
steps_format_16,0.3,0,dialogue_id,3,cell,dialogue_id,str,,,,,,,,
steps_format_16,0.4,0,arg,4,cell,arg,str,,,,,,,,
steps_format_16,0.5,0,text,5,object,,,,,,,,,,
steps_format_16,0.5.0,0.5,ko,0,cell,text.ko,str,,,,,,,,
steps_format_16,0.5.1,0.5,en,1,cell,text.en,str,,,,,,,,
steps_format_16,0.6,0,when,6,cell,when,NoneType,,,,,,,,
steps_format_16,0.7,0,effects,7,cell,effects,str,,,,,,,,
steps_format_16,0.8,0,sync,8,cell,sync,str,,,,,,,,
scenes_format_03,0,,,0,object,,,,,,,,,,Scenes
scenes_format_03,0.0,0,id,0,cell,id,str,,,,,,,,
scenes_format_03,0.1,0,day,1,cell,day,int,,,,,,,,
scenes_format_03,0.2,0,phase,2,cell,phase,str,,,,,,,,
scenes_format_03,0.3,0,seq,3,cell,seq,int,,,,,,,,
scenes_format_03,0.4,0,trigger,4,cell,trigger,str,,,,,,,,
scenes_format_03,0.5,0,when,5,cell,when,str,,,,,,,,
scenes_format_03,0.6,0,title,6,cell,title,str,,,,,,,,
scenes_format_03,0.7,0,skippable,7,cell,skippable,bool,,,,,,,,
scenes_format_03,0.8,0,group,8,cell,group,NoneType,,,,,,,,
scenes_format_03,0.9,0,steps,9,children,,,Steps,steps,list,,,,,
scenes_format_04,0,,,0,object,,,,,,,,,,Scenes
scenes_format_04,0.0,0,id,0,cell,id,str,,,,,,,,
scenes_format_04,0.1,0,day,1,cell,day,NoneType,,,,,,,,
scenes_format_04,0.2,0,phase,2,cell,phase,str,,,,,,,,
scenes_format_04,0.3,0,seq,3,cell,seq,int,,,,,,,,
scenes_format_04,0.4,0,trigger,4,cell,trigger,str,,,,,,,,
scenes_format_04,0.5,0,when,5,cell,when,str,,,,,,,,
scenes_format_04,0.6,0,title,6,cell,title,str,,,,,,,,
scenes_format_04,0.7,0,skippable,7,cell,skippable,bool,,,,,,,,
scenes_format_04,0.8,0,group,8,cell,group,str,,,,,,,,
scenes_format_04,0.9,0,steps,9,children,,,Steps,steps,list,,,,,
scenes_format_05,0,,,0,object,,,,,,,,,,Scenes
scenes_format_05,0.0,0,id,0,cell,id,str,,,,,,,,
scenes_format_05,0.1,0,day,1,cell,day,NoneType,,,,,,,,
scenes_format_05,0.2,0,phase,2,cell,phase,str,,,,,,,,
scenes_format_05,0.3,0,seq,3,cell,seq,int,,,,,,,,
scenes_format_05,0.4,0,trigger,4,cell,trigger,str,,,,,,,,
scenes_format_05,0.5,0,when,5,cell,when,NoneType,,,,,,,,
scenes_format_05,0.6,0,title,6,cell,title,str,,,,,,,,
scenes_format_05,0.7,0,skippable,7,cell,skippable,bool,,,,,,,,
scenes_format_05,0.8,0,group,8,cell,group,str,,,,,,,,
scenes_format_05,0.9,0,steps,9,children,,,Steps,steps,list,,,,,
bar_choices_format_05,0,,,0,object,,,,,,,,,,BarChoices
bar_choices_format_05,0.0,0,seq,0,cell,seq,int,,,,,,,,
bar_choices_format_05,0.1,0,text,1,object,,,,,,,,,,
bar_choices_format_05,0.1.0,0.1,ko,0,cell,text.ko,str,,,,,,,,
bar_choices_format_05,0.1.1,0.1,en,1,cell,text.en,str,,,,,,,,
bar_choices_format_05,0.2,0,when,2,cell,when,NoneType,,,,,,,,
bar_choices_format_05,0.3,0,effects,3,cell,effects,str,,,,,,,,
bar_choices_format_05,0.4,0,goto,4,cell,goto,NoneType,,,,,,,,
bar_choices_format_05,0.5,0,lock_reason,5,cell,lock_reason,NoneType,,,,,,,,
steps_format_17,0,,,0,object,,,,,,,,,,Steps
steps_format_17,0.0,0,type,0,cell,type,str,,,,,,,,
steps_format_17,0.1,0,actor,1,cell,actor,str,,,,,,,,
steps_format_17,0.2,0,dialogue_id,2,cell,dialogue_id,str,,,,,,,,
steps_format_17,0.3,0,arg,3,cell,arg,NoneType,,,,,,,,
steps_format_17,0.4,0,text,4,object,,,,,,,,,,
steps_format_17,0.4.0,0.4,ko,0,cell,text.ko,str,,,,,,,,
steps_format_17,0.4.1,0.4,en,1,cell,text.en,str,,,,,,,,
steps_format_17,0.5,0,when,5,cell,when,NoneType,,,,,,,,
steps_format_17,0.6,0,sync,6,cell,sync,str,,,,,,,,
steps_format_17,0.7,0,seq,7,cell,seq,int,,,,,,,,
scenes_format_06,0,,,0,object,,,,,,,,,,Scenes
scenes_format_06,0.0,0,id,0,cell,id,str,,,,,,,,
scenes_format_06,0.1,0,steps,1,children,,,Steps,steps,list,,,,,
steps_format_18,0,,,0,object,,,,,,,,,,Steps
steps_format_18,0.0,0,type,0,cell,type,str,,,,,,,,
steps_format_18,0.1,0,actor,1,cell,actor,str,,,,,,,,
steps_format_18,0.2,0,dialogue_id,2,cell,dialogue_id,str,,,,,,,,
steps_format_18,0.3,0,arg,3,cell,arg,str,,,,,,,,
steps_format_18,0.4,0,text,4,object,,,,,,,,,,
steps_format_18,0.4.0,0.4,ko,0,cell,text.ko,str,,,,,,,,
steps_format_18,0.4.1,0.4,en,1,cell,text.en,str,,,,,,,,
steps_format_18,0.5,0,when,5,cell,when,NoneType,,,,,,,,
steps_format_18,0.6,0,sync,6,cell,sync,str,,,,,,,,
steps_format_18,0.7,0,seq,7,cell,seq,int,,,,,,,,
street_choices_format_01,0,,,0,object,,,,,,,,,,StreetChoices
street_choices_format_01,0.0,0,id,0,cell,id,str,,,,,,,,
street_choices_format_01,0.1,0,seq,1,cell,seq,int,,,,,,,,
street_choices_format_01,0.2,0,text,2,object,,,,,,,,,,
street_choices_format_01,0.2.0,0.2,ko,0,cell,text.ko,str,,,,,,,,
street_choices_format_01,0.2.1,0.2,en,1,cell,text.en,str,,,,,,,,
street_choices_format_01,0.3,0,when,3,cell,when,NoneType,,,,,,,,
street_choices_format_01,0.4,0,lock_reason,4,cell,lock_reason,NoneType,,,,,,,,
street_choices_format_01,0.5,0,result_steps,5,children,,,Steps,result_steps,list,,,,,
steps_format_19,0,,,0,object,,,,,,,,,,Steps
steps_format_19,0.0,0,type,0,cell,type,str,,,,,,,,
steps_format_19,0.1,0,effects,1,cell,effects,str,,,,,,,,
steps_format_20,0,,,0,object,,,,,,,,,,Steps
steps_format_20,0.0,0,type,0,cell,type,str,,,,,,,,
steps_format_20,0.1,0,scene_id,1,cell,scene_id,str,,,,,,,,
street_choices_format_02,0,,,0,object,,,,,,,,,,StreetChoices
street_choices_format_02,0.0,0,id,0,cell,id,str,,,,,,,,
street_choices_format_02,0.1,0,seq,1,cell,seq,int,,,,,,,,
street_choices_format_02,0.2,0,text,2,object,,,,,,,,,,
street_choices_format_02,0.2.0,0.2,ko,0,cell,text.ko,str,,,,,,,,
street_choices_format_02,0.2.1,0.2,en,1,cell,text.en,str,,,,,,,,
street_choices_format_02,0.3,0,when,3,cell,when,str,,,,,,,,
street_choices_format_02,0.4,0,lock_reason,4,object,,,,,,,,,,
street_choices_format_02,0.4.0,0.4,ko,0,cell,lock_reason.ko,str,,,,,,,,
street_choices_format_02,0.4.1,0.4,en,1,cell,lock_reason.en,str,,,,,,,,
street_choices_format_02,0.5,0,result_steps,5,children,,,Steps,result_steps,list,,,,,
steps_format_21,0,,,0,object,,,,,,,,,,Steps
steps_format_21,0.0,0,type,0,cell,type,str,,,,,,,,
steps_format_21,0.1,0,actor,1,cell,actor,NoneType,,,,,,,,
steps_format_21,0.2,0,dialogue_id,2,cell,dialogue_id,NoneType,,,,,,,,
steps_format_21,0.3,0,text,3,cell,text,NoneType,,,,,,,,
steps_format_21,0.4,0,when,4,cell,when,NoneType,,,,,,,,
steps_format_21,0.5,0,options,5,children,,,StreetChoices,options,list,,,,,
steps_format_21,0.6,0,seq,6,cell,seq,int,,,,,,,,
steps_format_22,0,,,0,object,,,,,,,,,,Steps
steps_format_22,0.0,0,type,0,cell,type,str,,,,,,,,
steps_format_22,0.1,0,actor,1,cell,actor,str,,,,,,,,
steps_format_22,0.2,0,dialogue_id,2,cell,dialogue_id,str,,,,,,,,
steps_format_22,0.3,0,arg,3,cell,arg,str,,,,,,,,
steps_format_22,0.4,0,text,4,object,,,,,,,,,,
steps_format_22,0.4.0,0.4,ko,0,cell,text.ko,str,,,,,,,,
steps_format_22,0.4.1,0.4,en,1,cell,text.en,str,,,,,,,,
steps_format_22,0.5,0,when,5,cell,when,str,,,,,,,,
steps_format_22,0.6,0,sync,6,cell,sync,str,,,,,,,,
steps_format_22,0.7,0,seq,7,cell,seq,int,,,,,,,,
steps_format_23,0,,,0,object,,,,,,,,,,Steps
steps_format_23,0.0,0,type,0,cell,type,str,,,,,,,,
steps_format_23,0.1,0,effects,1,cell,effects,str,,,,,,,,
steps_format_23,0.2,0,when,2,cell,when,NoneType,,,,,,,,
steps_format_23,0.3,0,seq,3,cell,seq,int,,,,,,,,
steps_format_24,0,,,0,object,,,,,,,,,,Steps
steps_format_24,0.0,0,type,0,cell,type,str,,,,,,,,
steps_format_24,0.1,0,actor,1,cell,actor,NoneType,,,,,,,,
steps_format_24,0.2,0,dialogue_id,2,cell,dialogue_id,str,,,,,,,,
steps_format_24,0.3,0,arg,3,cell,arg,NoneType,,,,,,,,
steps_format_24,0.4,0,text,4,object,,,,,,,,,,
steps_format_24,0.4.0,0.4,ko,0,cell,text.ko,str,,,,,,,,
steps_format_24,0.4.1,0.4,en,1,cell,text.en,str,,,,,,,,
steps_format_24,0.5,0,when,5,cell,when,NoneType,,,,,,,,
steps_format_24,0.6,0,sync,6,cell,sync,str,,,,,,,,
steps_format_24,0.7,0,seq,7,cell,seq,int,,,,,,,,
steps_format_25,0,,,0,object,,,,,,,,,,Steps
steps_format_25,0.0,0,type,0,cell,type,str,,,,,,,,
steps_format_25,0.1,0,actor,1,cell,actor,NoneType,,,,,,,,
steps_format_25,0.2,0,dialogue_id,2,cell,dialogue_id,NoneType,,,,,,,,
steps_format_25,0.3,0,arg,3,cell,arg,str,,,,,,,,
steps_format_25,0.4,0,text,4,object,,,,,,,,,,
steps_format_25,0.4.0,0.4,ko,0,cell,text.ko,str,,,,,,,,
steps_format_25,0.4.1,0.4,en,1,cell,text.en,str,,,,,,,,
steps_format_25,0.5,0,when,5,cell,when,NoneType,,,,,,,,
steps_format_25,0.6,0,seq,6,cell,seq,int,,,,,,,,
steps_format_26,0,,,0,object,,,,,,,,,,Steps
steps_format_26,0.0,0,type,0,cell,type,str,,,,,,,,
steps_format_26,0.1,0,actor,1,cell,actor,NoneType,,,,,,,,
steps_format_26,0.2,0,dialogue_id,2,cell,dialogue_id,str,,,,,,,,
steps_format_26,0.3,0,arg,3,cell,arg,NoneType,,,,,,,,
steps_format_26,0.4,0,text,4,object,,,,,,,,,,
steps_format_26,0.4.0,0.4,ko,0,cell,text.ko,str,,,,,,,,
steps_format_26,0.4.1,0.4,en,1,cell,text.en,str,,,,,,,,
steps_format_26,0.5,0,when,5,cell,when,str,,,,,,,,
steps_format_26,0.6,0,sync,6,cell,sync,str,,,,,,,,
steps_format_26,0.7,0,seq,7,cell,seq,int,,,,,,,,
script_files_format_03,0,,,0,object,,,,,,,,,,ScriptFiles
script_files_format_03,0.0,0,place,0,cell,place,str,,,,,,,,
script_files_format_03,0.1,0,scenes,1,children,,,Scenes,scenes,list,,,,,
shelf_items_format_01,0,,,0,object,,,,,,,,,,ShelfItems
shelf_items_format_01,0.0,0,id,0,cell,id,str,,,,,,,,
shelf_items_format_01,0.1,0,kind,1,cell,kind,str,,,,,,,,
shelf_items_format_01,0.2,0,name,2,object,,,,,,,,,,
shelf_items_format_01,0.2.0,0.2,ko,0,cell,name.ko,str,,,,,,,,
shelf_items_format_01,0.2.1,0.2,en,1,cell,name.en,str,,,,,,,,
shelf_items_format_01,0.3,0,category,3,cell,category,str,,,,,,,,
shelf_items_format_01,0.4,0,color,4,cell,color,str,,,,,,,,
shelf_items_format_01,0.5,0,sprite,5,cell,sprite,NoneType,,,,,,,,
shelf_items_format_01,0.6,0,unlock_day,6,cell,unlock_day,int,,,,,,,,
shelf_items_format_01,0.7,0,unlock_when,7,cell,unlock_when,NoneType,,,,,,,,
shelf_items_format_01,0.8,0,shop_price,8,cell,shop_price,NoneType,,,,,,,,
shelf_items_format_01,0.9,0,desc,9,object,,,,,,,,,,
shelf_items_format_01,0.9.0,0.9,ko,0,cell,desc.ko,str,,,,,,,,
shelf_items_format_01,0.9.1,0.9,en,1,cell,desc.en,str,,,,,,,,
shelf_items_format_01,0.10,0,default_action,10,cell,default_action,str,,,,,,,,
shelf_items_format_01,0.11,0,prep_action,11,cell,prep_action,NoneType,,,,,,,,
shelf_items_format_01,0.12,0,default_target_qty,12,cell,default_target_qty,float,,,,,,,,
shelf_items_format_01,0.13,0,default_target_unit,13,cell,default_target_unit,str,,,,,,,,
shelf_items_format_01,0.14,0,shelf_group,14,cell,shelf_group,str,,,,,,,,
shelf_items_format_01,0.15,0,liquid_alpha,15,cell,liquid_alpha,float,,,,,,,,
shelf_items_format_02,0,,,0,object,,,,,,,,,,ShelfItems
shelf_items_format_02,0.0,0,id,0,cell,id,str,,,,,,,,
shelf_items_format_02,0.1,0,kind,1,cell,kind,str,,,,,,,,
shelf_items_format_02,0.2,0,name,2,object,,,,,,,,,,
shelf_items_format_02,0.2.0,0.2,ko,0,cell,name.ko,str,,,,,,,,
shelf_items_format_02,0.2.1,0.2,en,1,cell,name.en,str,,,,,,,,
shelf_items_format_02,0.3,0,category,3,cell,category,str,,,,,,,,
shelf_items_format_02,0.4,0,color,4,cell,color,str,,,,,,,,
shelf_items_format_02,0.5,0,sprite,5,cell,sprite,NoneType,,,,,,,,
shelf_items_format_02,0.6,0,unlock_day,6,cell,unlock_day,int,,,,,,,,
shelf_items_format_02,0.7,0,unlock_when,7,cell,unlock_when,NoneType,,,,,,,,
shelf_items_format_02,0.8,0,shop_price,8,cell,shop_price,NoneType,,,,,,,,
shelf_items_format_02,0.9,0,desc,9,object,,,,,,,,,,
shelf_items_format_02,0.9.0,0.9,ko,0,cell,desc.ko,str,,,,,,,,
shelf_items_format_02,0.9.1,0.9,en,1,cell,desc.en,str,,,,,,,,
shelf_items_format_02,0.10,0,default_action,10,cell,default_action,str,,,,,,,,
shelf_items_format_02,0.11,0,prep_action,11,cell,prep_action,str,,,,,,,,
shelf_items_format_02,0.12,0,default_target_qty,12,cell,default_target_qty,float,,,,,,,,
shelf_items_format_02,0.13,0,default_target_unit,13,cell,default_target_unit,str,,,,,,,,
shelf_items_format_02,0.14,0,shelf_group,14,cell,shelf_group,str,,,,,,,,
shelf_items_format_02,0.15,0,liquid_alpha,15,cell,liquid_alpha,float,,,,,,,,
shelf_items_format_03,0,,,0,object,,,,,,,,,,ShelfItems
shelf_items_format_03,0.0,0,id,0,cell,id,str,,,,,,,,
shelf_items_format_03,0.1,0,kind,1,cell,kind,str,,,,,,,,
shelf_items_format_03,0.2,0,name,2,object,,,,,,,,,,
shelf_items_format_03,0.2.0,0.2,ko,0,cell,name.ko,str,,,,,,,,
shelf_items_format_03,0.2.1,0.2,en,1,cell,name.en,str,,,,,,,,
shelf_items_format_03,0.3,0,category,3,cell,category,str,,,,,,,,
shelf_items_format_03,0.4,0,color,4,cell,color,str,,,,,,,,
shelf_items_format_03,0.5,0,sprite,5,cell,sprite,NoneType,,,,,,,,
shelf_items_format_03,0.6,0,unlock_day,6,cell,unlock_day,int,,,,,,,,
shelf_items_format_03,0.7,0,unlock_when,7,cell,unlock_when,NoneType,,,,,,,,
shelf_items_format_03,0.8,0,shop_price,8,cell,shop_price,int,,,,,,,,
shelf_items_format_03,0.9,0,desc,9,object,,,,,,,,,,
shelf_items_format_03,0.9.0,0.9,ko,0,cell,desc.ko,str,,,,,,,,
shelf_items_format_03,0.9.1,0.9,en,1,cell,desc.en,str,,,,,,,,
shelf_items_format_03,0.10,0,default_action,10,cell,default_action,str,,,,,,,,
shelf_items_format_03,0.11,0,prep_action,11,cell,prep_action,NoneType,,,,,,,,
shelf_items_format_03,0.12,0,default_target_qty,12,cell,default_target_qty,float,,,,,,,,
shelf_items_format_03,0.13,0,default_target_unit,13,cell,default_target_unit,str,,,,,,,,
shelf_items_format_03,0.14,0,shelf_group,14,cell,shelf_group,str,,,,,,,,
shelf_items_format_03,0.15,0,liquid_alpha,15,cell,liquid_alpha,float,,,,,,,,
shelf_items_format_04,0,,,0,object,,,,,,,,,,ShelfItems
shelf_items_format_04,0.0,0,id,0,cell,id,str,,,,,,,,
shelf_items_format_04,0.1,0,kind,1,cell,kind,str,,,,,,,,
shelf_items_format_04,0.2,0,name,2,object,,,,,,,,,,
shelf_items_format_04,0.2.0,0.2,ko,0,cell,name.ko,str,,,,,,,,
shelf_items_format_04,0.2.1,0.2,en,1,cell,name.en,str,,,,,,,,
shelf_items_format_04,0.3,0,category,3,cell,category,NoneType,,,,,,,,
shelf_items_format_04,0.4,0,color,4,cell,color,NoneType,,,,,,,,
shelf_items_format_04,0.5,0,sprite,5,cell,sprite,str,,,,,,,,
shelf_items_format_04,0.6,0,unlock_day,6,cell,unlock_day,int,,,,,,,,
shelf_items_format_04,0.7,0,unlock_when,7,cell,unlock_when,NoneType,,,,,,,,
shelf_items_format_04,0.8,0,shop_price,8,cell,shop_price,NoneType,,,,,,,,
shelf_items_format_04,0.9,0,desc,9,object,,,,,,,,,,
shelf_items_format_04,0.9.0,0.9,ko,0,cell,desc.ko,str,,,,,,,,
shelf_items_format_04,0.9.1,0.9,en,1,cell,desc.en,str,,,,,,,,
shelf_items_format_04,0.10,0,default_action,10,cell,default_action,NoneType,,,,,,,,
shelf_items_format_04,0.11,0,prep_action,11,cell,prep_action,NoneType,,,,,,,,
shelf_items_format_04,0.12,0,default_target_qty,12,cell,default_target_qty,NoneType,,,,,,,,
shelf_items_format_04,0.13,0,default_target_unit,13,cell,default_target_unit,NoneType,,,,,,,,
shelf_items_format_04,0.14,0,shelf_group,14,cell,shelf_group,NoneType,,,,,,,,
shelf_items_format_04,0.15,0,liquid_alpha,15,cell,liquid_alpha,NoneType,,,,,,,,
spots_format_01,0,,,0,object,,,,,,,,,,Spots
spots_format_01,0.0,0,id,0,cell,id,str,,,,,,,,
spots_format_01,0.1,0,area,1,cell,area,str,,,,,,,,
spots_format_01,0.2,0,desc,2,cell,desc,str,,,,,,,,
spots_format_01,0.3,0,note,3,cell,note,str,,,,,,,,
tastes_format_01,0,,,0,object,,,,,,,,,,Tastes
tastes_format_01,0.0,0,character_id,0,cell,character_id,str,,,,,,,,
tastes_format_01,0.1,0,seq,1,cell,seq,int,,,,,,,,
tastes_format_01,0.2,0,when,2,cell,when,str,,,,,,,,
tastes_format_01,0.3,0,tier,3,cell,tier,str,,,,,,,,
tastes_format_01,0.4,0,note,4,cell,note,str,,,,,,,,
text_tags_format_01,0,,,0,object,,,,,,,,,tag,TextTags
text_tags_format_01,0.0,0,kind,0,cell,kind,str,,,,,,,,
text_tags_format_01,0.1,0,value,1,cell,value,str,,,,,,,,
text_tags_format_02,0,,,0,object,,,,,,,,,tag,TextTags
text_tags_format_02,0.0,0,kind,0,cell,kind,str,,,,,,,,
text_tags_format_02,0.1,0,value,1,cell,value,int,,,,,,,,
transitions_format_01,0,,,0,object,,,,,,,,,,Transitions
transitions_format_01,0.0,0,id,0,cell,id,str,,,,,,,,
transitions_format_01,0.1,0,target_location,1,cell,target_location,str,,,,,,,,
transitions_format_01,0.2,0,target_phase,2,cell,target_phase,str,,,,,,,,
transitions_format_01,0.3,0,target_spot,3,cell,target_spot,NoneType,,,,,,,,
transitions_format_01,0.4,0,effect,4,cell,effect,str,,,,,,,,
transitions_format_01,0.5,0,note,5,cell,note,str,,,,,,,,
transitions_format_02,0,,,0,object,,,,,,,,,,Transitions
transitions_format_02,0.0,0,id,0,cell,id,str,,,,,,,,
transitions_format_02,0.1,0,target_location,1,cell,target_location,str,,,,,,,,
transitions_format_02,0.2,0,target_phase,2,cell,target_phase,str,,,,,,,,
transitions_format_02,0.3,0,target_spot,3,cell,target_spot,str,,,,,,,,
transitions_format_02,0.4,0,effect,4,cell,effect,str,,,,,,,,
transitions_format_02,0.5,0,note,5,cell,note,str,,,,,,,,
ui_strings_format_01,0,,,0,object,,,,,,,,,string_id,UIStrings
ui_strings_format_01,0.0,0,ko,0,cell,ko,str,,,,,,,,
ui_strings_format_01,0.1,0,en,1,cell,en,str,,,,,,,,
dataset_balance,0,,,0,record,,,BalanceRoot,,,,,balance_root,,
dataset_bark_situations,0,,,0,children,,,BarkSituations,,dict,situation,@bark_situations,,,
dataset_barks,0,,,0,children,,,Barks,,list,,@barks,,,
dataset_character_anim,0,,,0,children,,,AnimationCharacters,,dict,character,@character_anim,,,
dataset_characters,0,,,0,children,,,Characters,,list,,@characters,,,
dataset_cocktails,0,,,0,children,,,Cocktails,,list,,@cocktails,,,
dataset_cutscenes,0,,,0,children,,,Cutscenes,,list,,@cutscenes,,,
dataset_days,0,,,0,children,,,Days,,list,,@days,,,
dataset_dossier,0,,,0,children,,,Dossier,,list,,@dossier,,,
dataset_endings,0,,,0,children,,,Endings,,list,,@endings,,,
dataset_expressions,0,,,0,children,,,AnimationCharacters,,dict,character,@expressions,,,
dataset_field_anims,0,,,0,children,,,FieldAnimations,,list,,@field_anims,,,
dataset_guest_bodies,0,,,0,record,,,GuestSettings,,,,,guest_settings_1,,
dataset_interact_points_home,0,,,0,children,,,InteractPoints,,list,,@interact_points_home,,,
dataset_interact_points_outside,0,,,0,children,,,InteractPoints,,list,,@interact_points_outside,,,
dataset_order_rules,0,,,0,children,,,OrderRules,,list,,@order_rules,,,
dataset_personalities,0,,,0,children,,,Personalities,,list,,@personalities,,,
dataset_qa_interact_points_day99,0,,,0,children,,,InteractPoints,,list,,@qa/interact_points_day99,,,
dataset_quests,0,,,0,object,,,,,,,,,,
dataset_quests,0.0,0,quests,0,empty_array,,,,,,,,,,
dataset_quests,0.1,0,stages,1,empty_array,,,,,,,,,,
dataset_random_waves,0,,,0,children,,,RandomWaves,,list,,@random_waves,,,
dataset_regular_slots,0,,,0,children,,,RegularSlots,,list,,@regular_slots,,,
dataset_script_bar_day0,0,,,0,record,,,ScriptFiles,,,,,script_bar_day0,,
dataset_script_bar_day1,0,,,0,record,,,ScriptFiles,,,,,script_bar_day1,,
dataset_script_bar_day2,0,,,0,record,,,ScriptFiles,,,,,script_bar_day2,,
dataset_script_bar_day3,0,,,0,record,,,ScriptFiles,,,,,script_bar_day3,,
dataset_script_bar_day99,0,,,0,record,,,ScriptFiles,,,,,script_bar_day99,,
dataset_script_common,0,,,0,record,,,ScriptFiles,,,,,script_common,,
dataset_script_cutscene,0,,,0,record,,,ScriptFiles,,,,,script_cutscene,,
dataset_script_home,0,,,0,record,,,ScriptFiles,,,,,script_home,,
dataset_script_qa_street_day99,0,,,0,record,,,ScriptFiles,,,,,script_qa_street_day99,,
dataset_script_street,0,,,0,record,,,ScriptFiles,,,,,script_street,,
dataset_shelf_items,0,,,0,children,,,ShelfItems,,list,,@shelf_items,,,
dataset_spots,0,,,0,children,,,Spots,,list,,@spots,,,
dataset_tastes,0,,,0,children,,,Tastes,,list,,@tastes,,,
dataset_text_tags,0,,,0,children,,,TextTags,,dict,tag,@text_tags,,,
dataset_transitions,0,,,0,children,,,Transitions,,list,,@transitions,,,
dataset_ui_strings,0,,,0,children,,,UIStrings,,dict,string_id,@ui_strings,,,
