context,value,dataset_id,row_id,parent_id,parent_field,source_order,template_id,expression
,,characters,migration_characters_0_expressions_0,migration_characters_0,expressions,0,migration_characterexpressions_1b7b690e49,default
,,characters,migration_characters_1_expressions_0,migration_characters_1,expressions,0,migration_characterexpressions_1b7b690e49,default
,,characters,migration_characters_1_expressions_1,migration_characters_1,expressions,1,migration_characterexpressions_1b7b690e49,success
,,characters,migration_characters_1_expressions_2,migration_characters_1,expressions,2,migration_characterexpressions_1b7b690e49,fail
,,characters,migration_characters_2_expressions_0,migration_characters_2,expressions,0,migration_characterexpressions_1b7b690e49,default
,,characters,migration_characters_2_expressions_1,migration_characters_2,expressions,1,migration_characterexpressions_1b7b690e49,success
,,characters,migration_characters_2_expressions_2,migration_characters_2,expressions,2,migration_characterexpressions_1b7b690e49,fail
,,characters,migration_characters_2_expressions_3,migration_characters_2,expressions,3,migration_characterexpressions_1b7b690e49,joy
,,characters,migration_characters_3_expressions_0,migration_characters_3,expressions,0,migration_characterexpressions_1b7b690e49,default
,,characters,migration_characters_3_expressions_1,migration_characters_3,expressions,1,migration_characterexpressions_1b7b690e49,anger
,,characters,migration_characters_3_expressions_2,migration_characters_3,expressions,2,migration_characterexpressions_1b7b690e49,joy
,,characters,migration_characters_3_expressions_3,migration_characters_3,expressions,3,migration_characterexpressions_1b7b690e49,serious
,,characters,migration_characters_3_expressions_4,migration_characters_3,expressions,4,migration_characterexpressions_1b7b690e49,event_surprise
,,characters,migration_characters_4_expressions_0,migration_characters_4,expressions,0,migration_characterexpressions_1b7b690e49,default
,,characters,migration_characters_4_expressions_1,migration_characters_4,expressions,1,migration_characterexpressions_1b7b690e49,serious
,,characters,migration_characters_5_expressions_0,migration_characters_5,expressions,0,migration_characterexpressions_1b7b690e49,default
,,characters,migration_characters_5_expressions_1,migration_characters_5,expressions,1,migration_characterexpressions_1b7b690e49,success
,,characters,migration_characters_5_expressions_2,migration_characters_5,expressions,2,migration_characterexpressions_1b7b690e49,fail
,,characters,migration_characters_5_expressions_3,migration_characters_5,expressions,3,migration_characterexpressions_1b7b690e49,drunk
,,characters,migration_characters_6_expressions_0,migration_characters_6,expressions,0,migration_characterexpressions_1b7b690e49,default
,,characters,migration_characters_7_expressions_0,migration_characters_7,expressions,0,migration_characterexpressions_1b7b690e49,default
,,characters,migration_characters_7_expressions_1,migration_characters_7,expressions,1,migration_characterexpressions_1b7b690e49,sad
,,characters,migration_characters_8_expressions_0,migration_characters_8,expressions,0,migration_characterexpressions_1b7b690e49,default
,,characters,migration_characters_8_expressions_1,migration_characters_8,expressions,1,migration_characterexpressions_1b7b690e49,serious
,,characters,migration_characters_9_expressions_0,migration_characters_9,expressions,0,migration_characterexpressions_1b7b690e49,default
,,characters,migration_characters_10_expressions_0,migration_characters_10,expressions,0,migration_characterexpressions_1b7b690e49,default
,,characters,migration_characters_11_expressions_0,migration_characters_11,expressions,0,migration_characterexpressions_1b7b690e49,default
,,characters,migration_characters_12_expressions_0,migration_characters_12,expressions,0,migration_characterexpressions_1b7b690e49,default
,,characters,migration_characters_13_expressions_0,migration_characters_13,expressions,0,migration_characterexpressions_1b7b690e49,default
,,characters,migration_characters_14_expressions_0,migration_characters_14,expressions,0,migration_characterexpressions_1b7b690e49,default
,,characters,migration_characters_15_expressions_0,migration_characters_15,expressions,0,migration_characterexpressions_1b7b690e49,default
,,characters,migration_characters_16_expressions_0,migration_characters_16,expressions,0,migration_characterexpressions_1b7b690e49,default
,,characters,migration_characters_17_expressions_0,migration_characters_17,expressions,0,migration_characterexpressions_1b7b690e49,default
,,characters,migration_characters_18_expressions_0,migration_characters_18,expressions,0,migration_characterexpressions_1b7b690e49,default
,,characters,migration_characters_19_expressions_0,migration_characters_19,expressions,0,migration_characterexpressions_1b7b690e49,default
,,characters,migration_characters_20_expressions_0,migration_characters_20,expressions,0,migration_characterexpressions_1b7b690e49,default
